image_id,isup_grade,b0,b1,b2,b3,b4,b5,b6,b7
34a98ca2d4eb1a91e428bf2112e26543,1,1,1,1,0,0,1,1,0
a197f9bef5596491c736c23a58bbf414,1,1,1,1,1,1,1,1,1
21842d9a9ebb1e4efb6527fa04163452,1,1,1,1,1,1,1,1,1
2b4e8eac6e778eddf0fe5b64e7ab47a8,3,3,3,3,4,3,3,3,4
d4c6270294e180ad526ae4315a0c4249,4,5,5,5,5,5,5,5,5
5289d3ebfc24bbe70206daf1f546b687,0,1,0,0,0,0,0,0,0
7a40364bb1370598575caac647f1635f,0,0,0,0,0,0,0,0,0
ae8098ce32f49e4b96dda2dd5e02db2c,4,3,3,4,4,4,4,3,4
fb6ce8bf80f431fc63a72a6e3bd94901,1,1,1,1,1,1,2,1,1
51a08c0f649d0958cad761b47f6699af,4,4,4,4,4,4,4,4,4
29baf6f84e1414443d5fcd1ddb1af08b,0,0,0,0,0,0,0,0,0
2f45cafe638848ee98e0b998d9aeb888,0,0,0,0,1,1,0,0,0
40ec573c084bacfe58e8f073660c2a30,1,1,1,0,1,0,1,1,1
aebe292567e0f8447fdc94994189a80a,0,0,0,0,1,0,0,0,0
64a5241c55374047bf1ceb772e0e2d43,0,1,0,0,0,0,0,0,0
c914e517a8f292a785df584a7a1a9e06,1,1,1,1,1,1,1,1,1
c8facc7f23303f74bb3ae3101a878bdf,4,5,4,5,5,4,5,4,5
ed15d638e47b2a7c449674702e4d988c,0,0,0,0,0,0,0,0,1
e02d79e8c9f355639c5f411470899d40,0,0,0,0,0,0,0,0,0
c05a2f5debd74c8db062d027567ed546,1,1,1,1,1,1,1,1,1
ebd3d4bfc5d1e9ce090e342869cbdefe,5,3,4,4,3,3,5,5,5
515c5c3ca6c92cd2a972b7a5d73c6ec6,1,1,1,2,3,4,3,2,2
fc841358b1ae7c119b6224d0076046f4,1,1,1,1,1,1,1,1,1
49a0c86e2a3844bf8173990d5a5ad279,0,0,0,0,0,0,0,0,1
aba574a94fb785b55d302e82a61b34a2,0,0,0,0,0,0,0,0,0
93eaef7c97c70876d36d656b675de171,1,1,2,1,1,1,1,1,1
7cd2df8fe3fe766914f311e7044ae747,2,1,1,1,1,2,1,1,1
0a97bd73cd153b33751d43821ff0a400,0,0,0,0,0,0,0,0,0
79c0ed7b8274042a87f647a1e03d01e8,5,5,5,5,5,5,5,4,5
d784fde095ca1209dee96aaf0b021a78,1,0,0,0,0,0,0,0,0
ccd93f4e3617e685fb9897791d1822b4,0,1,0,0,0,0,0,0,0
62795965d1330a135f09938efb22fb6f,0,0,0,0,0,0,0,2,0
78a7071f862c2622d8375790ebe71c5d,2,3,2,2,2,3,2,3,3
7b50f6e3c388c3eab68df2aa2403e7d2,4,5,5,5,5,4,5,4,5
6426935440acd920bae26da8165ca680,0,0,0,0,1,0,0,0,0
c67388909d55149c1e66baa48a22cdb5,4,3,3,3,3,4,5,4,5
eeaeeb45b9c6217ade693af47de610d5,4,5,5,5,4,4,4,4,4
5252182ded15f6179aba4b367c0215dc,0,0,0,0,0,0,0,0,0
4f0d03d08a5583138eaed5761f895d28,3,4,5,3,3,5,5,4,4
2641b27c17ee58e7da17b354109be726,0,0,0,0,0,0,0,0,0
64836a799f01a425ff277deed36210cf,0,0,0,0,0,0,0,0,0
420afbed1eae86101d12b1b18a7e02b4,2,4,2,2,2,2,1,2,1
ac5d45906b56238e99d3f46ac94b35fc,4,5,5,5,5,5,4,1,4
99c6eb1d87928dfae4d098276b85b98c,3,3,3,4,3,3,3,3,3
f37aa1409648143ff45aa2ff7cd2f008,1,1,2,2,1,1,1,1,1
66c3f1134c199363086f278ec30c3e7a,1,1,1,2,1,1,1,1,1
ff9392e744afa04771ad9288762e1b6a,0,0,0,0,0,0,0,0,0
30aa7a12d6a142aa9fafbe37e08cb1a3,1,1,1,2,1,0,1,0,1
a8e5f38315214944e502edfdc986ea2f,5,5,5,5,5,5,5,4,5
2ac36a2e35654c0be9e818f9f9407807,0,0,0,0,0,0,0,0,0
cb91772271b72c237c42f64fb6d2e84e,5,5,4,4,4,5,5,4,5
0c81fb679d464543822f9b5c59aef5a0,0,2,0,2,2,1,0,1,1
836e64bc05fc3ca33fcaae4102d1f989,3,3,4,2,2,4,5,1,2
ae0fead0becdfd46f9182a8cc9321b2c,4,4,4,4,4,4,5,4,4
a74b7e612f31cff7ed905e3c92ae83d7,5,5,5,5,5,5,5,5,5
2a484c7522f0a5e3a41654eb2c452fd8,3,3,3,4,3,3,3,4,3
2ebf6b50e4c245e4078976a271b7aa79,2,3,2,2,3,3,2,2,2
2b59dfa72ed1fbb3cc1dd6be9b16ae76,4,4,4,5,4,4,5,4,5
a5f8aa93183d002e62df16a0891ace20,0,1,0,1,0,0,0,0,0
a48e97856c956d50cc4f522574cd37fb,2,1,1,2,1,1,1,1,1
f6dc7b75bcaed70894cf4b1aa4c9e874,0,0,0,0,0,0,0,0,0
10c7898fb3c68c0e1b268ddb57590eb3,4,4,4,4,4,5,4,4,5
76d58aad5928c554f665a8fad600dfb4,3,3,4,3,4,4,4,3,3
8a8a6e4dc7c935f57e8c1db91ba0abb2,1,1,2,1,2,1,2,2,2
b4a11816441242128acc772adf40d612,4,4,3,3,4,3,4,4,3
66557aa92abab5f0eaa6a7c03d17bff1,0,0,0,0,0,0,0,0,0
0a336d5bc71e1f83d453297413f11e9b,5,4,4,5,4,5,5,4,5
2577c90f6ee46adf9d3f7c16ba8db9c3,0,0,0,0,0,0,0,0,0
fedd0914fb849d76b0fe96e1683bbe55,0,0,0,0,0,0,0,0,0
45f1e53bd73fd85469bf5cfa5b197742,1,1,1,1,1,1,1,1,1
d7e2b72270a8d5d8a5f06ec87cff735b,5,5,5,5,5,5,5,5,5
0f84142b14d262cf937566629ea76c67,1,0,1,0,1,1,1,1,1
10b57920070f6adc8435b9531e0a5398,1,1,1,1,1,1,1,1,1
622e036c40d720a7bf557668980ea1ce,0,0,0,0,0,0,0,0,0
64463f7b842c077b705e42f2dec8aec5,5,5,3,5,5,5,3,4,5
12691983b96a9e8c7bc067fdd48b8d97,0,0,0,0,0,0,0,0,0
636a1fa2cd4d66297c4f63eda2ba16d1,2,0,1,2,1,0,1,1,1
5625ad41d6d9edf0533c202c88749b57,4,2,3,3,3,4,3,3,2
6ac2095c7968fa30ab6c5dc7d1ed5121,0,0,0,0,0,0,0,0,0
c54e20196fd1f02eef4fe02190e773d9,0,0,0,0,0,1,0,1,0
f5b849625162c608e13f0c04d24078d6,2,4,4,4,4,4,4,2,4
745fb454d6a8791d6cd69d1aa4dc90ba,4,4,4,4,4,4,5,4,4
1dd805b0572515c3eac56564cddf181c,0,0,0,1,0,0,0,0,0
7ba5bdeb014cf2d27421bc65b2759bbc,0,0,0,0,0,0,0,0,1
afc64d05b77db622ebdfffa969315d3e,0,0,0,0,1,0,0,0,0
9ec64c6c8719927e925732777d70254c,4,3,4,4,4,4,4,3,4
3eee912c7daba1d6c5c6968ef71b5570,1,2,3,1,1,3,3,2,2
41600356d224c0205ccaad8151e77a89,3,2,3,2,2,4,4,2,2
2afed834461cca7b071d5dfe604e1586,4,4,4,4,4,4,4,3,4
d0cb73c9ad19c13c6fe93cc2c61cc073,4,3,4,5,4,4,3,4,3
554f99db864d559fad9886b122c11566,1,2,1,1,1,1,1,2,1
8ef60407163c62c9fc4f2a3f6bf7691a,1,1,1,1,1,1,1,1,1
1a0f9b33bff0a3649d79b7bf01203e04,0,0,0,0,0,0,0,1,1
ad566960d1448f7dd463fe507e917556,4,3,3,3,5,3,2,3,3
e2ecc681ff1778f6fa897e95221deab8,1,0,0,0,0,0,0,0,0
49b5f3ca83f207b2848770101cacb82f,5,4,4,5,4,4,5,4,5
7e7e6dac3271a6cad2744ae393328a36,5,5,1,5,3,2,1,0,5
415a318eda63d2293d526035108242dc,0,0,0,0,0,0,2,0,0
fce06ebb6c102f4f526a09e8273bded9,0,0,0,0,0,0,1,0,0
f367f6252be10578dcadc00ded89ecd5,5,3,5,3,5,3,4,3,4
3c044e6b0f5e68685f9de5269bc0f5d6,1,0,0,0,0,1,0,0,0
838251c48dcc5b79e95d4b9187068afd,1,2,2,3,5,4,1,2,2
48e5314d7fd81ddf4224da446851ccbe,4,4,4,4,4,4,5,4,4
4a6e4585feeea9aed5244ccf0a214f60,4,0,0,0,0,0,0,0,0
8fced11c69f98368c493a9fdb733544c,5,5,3,3,4,5,3,4,5
b376a3dc044849448f2fa1665243a840,4,4,4,4,4,4,5,4,4
f9285fe284ce30f4d249635062db619a,5,5,5,5,5,5,5,5,5
465c28b0dd4df27225df502c010675c6,0,0,0,0,0,0,0,0,0
99b76caa997ed99703923c07cc44a7bf,0,0,0,0,0,0,0,0,0
448f3adf7d04225d6e14ace5d1776748,0,1,0,0,0,0,0,0,0
13b816b6539dfd7561e1884454a31405,1,1,1,1,1,1,1,1,2
31b128f74dbeb86a08d310524b772c05,0,0,0,0,0,0,1,0,1
d3a5775345ddc4976944ff1941709ef0,0,0,0,0,0,0,0,0,0
f300013a1ea43769dff32ac02e6f0cef,0,0,0,0,0,0,0,0,0
f19c7ece83101042b11178a9bedf68a8,1,1,0,0,0,0,0,1,0
b65538bb9960f77e666ad4a6dcb6a77e,1,1,1,0,3,0,1,1,0
555f0e5c6585fdf64380c6a2221c4536,0,0,0,0,0,0,0,0,0
c0a0956a39319920d02c5c4eb30c5e10,3,3,3,3,3,3,2,3,2
bae29f6c79dd4b58689b3d7351a1da09,3,2,2,2,2,2,1,1,2
46de8984e7374ec2a14fe538720cf688,4,4,4,4,5,4,5,4,4
f35466ac37a4bd2190e6aaf668f0dfbf,0,0,0,0,0,0,0,0,0
439faf5e0a62463b01271742a9fb78b5,2,1,1,1,2,1,3,1,1
c10d4753ac1782268289014b69697b90,4,5,5,5,5,5,5,4,5
0a107c91216d62b2543122a46eb26541,2,3,2,3,3,2,3,2,2
b74f213d6ea14c190b0f65a953d662dd,3,3,3,5,3,4,2,4,3
ecad7ce730fc63ac02df4a9da719fa1c,5,5,5,5,5,5,5,5,5
bf779325c9c16f04957839ba92518ab8,5,5,5,5,5,5,5,4,5
be2b21968d5ad6861b24d7ca54d44ad5,0,0,0,0,0,0,0,0,0
dc5094c179f833d0d311307c65393d09,0,0,0,0,0,0,0,0,0
7fac99586c7c32c1aedd474598ccc9ae,0,0,0,0,0,0,0,0,0
b9d2a95c3c0787c9faa9901d5b86c5a1,3,3,3,3,3,3,2,3,3
949b9f749f20ec960b36bd2fe50ac056,2,3,3,5,3,3,4,3,4
38a49c3566f387a867629c5f6c31a72a,0,0,0,0,0,0,0,0,0
ccf93fec7c1fccc631606b07af2342b9,1,1,0,0,0,0,0,0,0
08134913a9aa1d541f719e9f356f9378,4,2,3,3,3,4,3,3,3
52ac318ac783a2d2daef8aeb5f5f9a7d,1,1,1,1,1,1,1,1,1
56534311eef9cf28c0271eba2031f260,1,1,1,1,1,1,3,1,1
57fedc6c794b7ef4e0011fb9882ccaf9,3,3,3,3,3,3,4,4,3
8582b59b41635fa38401d1bddad66707,1,1,1,2,1,1,1,1,3
7746e3e26cb571b77521d430398c2cc0,1,1,1,1,1,1,1,1,1
cd11306b822ad900babf0497b524d8d9,5,5,5,5,5,5,4,4,5
e1ef8bc2099822e6b6872bbbf8b601ff,1,1,1,1,1,1,1,1,0
b574135984313cd2c096ecbe6daec632,3,2,2,2,2,2,1,1,2
13e54c704fc23b77d23ea515c16bc955,0,0,0,0,0,0,0,0,0
31f51b7b36414dc9f0ddda7cac67328f,1,1,1,1,1,1,1,1,1
47985c7cec659a0ca907c5c99266b440,0,0,0,0,0,0,0,0,0
1bf018aea8d9b1546d3d3461b37d215e,1,1,1,2,1,1,3,1,1
995b9aea3d7f6ccda0440b9ec2bfc058,0,0,0,0,0,0,0,0,0
00951a7fad040bf7e90f32e81fc0746f,1,1,1,1,2,2,3,2,1
64bad048716c6feb71b7e86d4de897ef,0,0,0,0,0,0,0,0,0
bb2087bf01f0ef288c6e2fdb83b6b283,1,1,1,1,1,1,1,1,1
8fdb492c7886b65948dd0b174f331b21,1,1,1,1,0,1,0,1,1
3822f7eb7af4fcf5d490147fb171e436,5,5,4,5,5,5,5,4,5
db8c4deefe2d5e672481418e9c7fcb99,0,0,0,0,0,0,0,0,0
d19db5477bfa4fbc71388d05346c1690,0,0,0,0,1,1,0,0,0
c071c418f185ef8191b4eddb6efcc316,0,0,0,0,0,0,0,0,0
268dcbd78318c0108974c5f99e1dca78,3,3,0,2,2,2,1,3,0
fe55f8384b36da44b05355cd6c9079d9,4,3,2,2,1,3,2,4,2
8b8338194dd8175d057bdc068ba44945,0,0,0,0,0,0,0,0,0
35f629e359399d425289242b698b3f66,2,3,3,2,3,2,2,2,3
1d5020566df10aaab6c523721ba45f0a,3,3,2,3,2,4,3,2,3
08b92dd5bd510ff336949f1042c11991,4,2,2,4,2,2,3,2,3
96907a7abf71ca7e5e48b36514d6c7f2,1,1,1,1,1,1,1,1,1
63faf78b499e70ceb096c53a6caf31bc,0,0,0,0,0,0,0,0,0
5f8b30f872042fe9cc2b0b312094f156,2,2,2,2,3,2,2,2,2
e4018c330e40dbf522c073c22732cf38,0,0,0,1,1,0,0,4,1
fd3c8b1c5a38cfffb52d1d5729a10809,0,0,0,0,0,0,0,0,0
ac32ff7089312633858bcd96747b4046,2,1,1,1,1,1,1,1,1
0c063b8b2ba5bc8f6a77695dab1a8562,4,0,1,0,0,0,0,1,0
3166c2eecec00b44f1ded2a024b93240,1,1,1,1,1,1,1,1,1
f32688fe7e4e02caeb04361b8e8d223c,0,0,0,0,0,0,0,0,0
79e7ac532c7b4052075ad6c85be3facc,0,0,0,0,0,0,0,0,0
7aecfafc3f7197a290d62660924583a8,5,5,4,4,5,5,4,4,4
6ac0b26f19900930a2ec02c9f5187b53,0,0,0,0,0,0,0,0,0
9e0fa510b3e5a89ab765dfa48957a4cc,1,1,1,1,2,2,1,1,2
ba57c9eb0628f28c35722f0ebef5b620,1,1,1,1,1,1,1,1,1
a5dbc558ca9c9612b608645238c15129,3,3,3,3,3,4,3,3,3
3f6bcb7f394cd841f7eb69b7d0786f9a,5,5,5,5,5,5,5,4,5
125ed8b10ae6c064811a76636e949515,4,4,4,4,4,5,2,3,3
1e642b4f5afa230c341c6622461dd48b,0,0,0,0,0,0,0,0,0
3c4ae78a64e6f263d159a9fac556ec7b,0,0,0,0,1,0,0,0,0
b3438f39bb7db17a8c77e5520613de21,2,1,1,1,1,1,1,2,1
50b1cb7eae4f7c83e466f927bdc5574e,0,0,0,0,0,0,0,0,0
444ef94933b8b3cf2560688a9dadc004,3,1,0,0,3,1,0,0,0
887d935886b409acc14fa55a3c7e05ba,3,3,3,3,3,3,3,3,4
cf14096dd1f7d3e89c3ff718f29fb985,1,0,1,1,1,1,1,1,1
bf1d001ccf13938721098d0f5f3ab546,5,5,5,5,5,5,5,5,5
2268c3174c1c0890af7ae1bae4c8cd74,5,4,5,3,4,4,5,5,5
ba42e3610dee7ac11740da6709ca5161,1,1,1,1,1,1,1,1,1
bedb1f9a2d4d520cda873892fab58ad8,2,1,1,1,1,1,1,1,1
b4bebe718759817d5cf440821cf435d7,2,3,5,3,3,3,5,3,4
b0125c3b9ddc46c75cef969b6a2b8854,1,1,1,1,1,1,1,1,1
54d8ec6ad7fb212c188a3607553748cc,0,0,0,0,0,0,0,0,0
c504a2ef9d6c2f6150037003c5cf3793,1,1,1,1,1,1,1,1,1
f70c37deb169c2ce0ef9b35a45d9324c,2,1,1,2,1,1,1,1,2
c867630b14137ca898056cb4eefe1696,5,0,0,0,0,0,0,0,0
0c514de56dcdc9d3b7b71173361a5b7b,2,2,2,3,2,2,2,2,2
da077ff5258dfb7cd6d604d995de7619,0,0,0,0,1,0,0,0,0
e5739e452d5b7c5e68c4171ece2557e3,0,0,0,0,0,0,0,0,0
7d2a0df515a32073ad405ace2d88a555,1,0,0,0,0,0,0,0,0
1d7d62aa2c349f831a43aa023412bd1c,4,4,3,4,4,4,5,4,4
13a1a0432b80f929411a82f275df7807,5,4,5,4,4,4,4,4,5
54978762e0eca14cc62c4196d3e239ee,0,0,0,0,0,0,0,0,0
725a9f2d3f932ff45a54401cddff9fac,0,0,0,0,0,0,0,0,0
435661930d09e42e5217033238c404c0,0,0,0,0,0,0,0,0,0
c704708bcb669c0198feba47bf9f2c81,1,1,0,1,0,0,1,1,1
0febce723014e9ed2afe3bf5325775cc,0,0,0,0,1,0,0,0,0
9f3cb251707d9950d2f6a309fc1d8ae2,4,4,4,4,4,4,3,4,4
210411ec362d79a5e34b8b0fdbd60745,3,4,4,4,2,3,3,3,4
abe3d765d3830059440970e02620041e,1,1,1,1,1,1,1,1,1
b1f57416afc064e5b995a56d90a45992,1,1,1,1,1,1,1,1,1
aff0ff7d9ea2579b314c0f0ac87a9772,1,1,1,1,1,1,1,1,1
6155f934efd0c7ef998c1a6355aead5c,0,0,0,0,0,0,0,0,0
397c0d623c94677ce5c1e836c3253eed,0,0,0,0,0,0,0,0,0
a4edf7a1424c33511b31ce8b541c76e2,3,3,3,2,0,2,3,2,1
e994de172996c57b3c414dd7192b500c,1,1,2,1,1,1,1,1,1
0e1bc26d651085dca788335c9f3b8dfc,1,1,1,1,1,1,1,1,1
12949eee9c2be841d54a2f25933396da,1,1,1,1,1,1,1,1,1
aab7d22839e8ac0821aa2cdd1650b39a,4,5,4,4,4,4,4,4,4
ec61de4bc848e64aa563c172a51b6585,1,1,1,1,1,2,2,1,2
d3bec5f291e147ae2527e00f897c6229,1,1,1,1,1,1,1,1,1
d3f6434f43689a211788c03214c49a8c,1,1,1,1,1,1,1,1,2
c552cbc6d2aa2c35dcf0e005ebd37102,2,2,2,1,2,2,3,2,2
ae3c2f3cc03b65e5810bf5655f60fbb7,4,4,2,2,2,2,2,2,2
f31c2c896158865d4665f289e2a79a68,4,3,3,4,3,3,4,3,4
f0422b9adf9f34ea214374a48bcb757e,5,5,4,5,4,5,5,4,4
bf9725f0dc71d2ac533b21d7dff4b796,1,1,1,1,1,1,1,1,1
3381ea445ec8554a5cb3e7d3153fc0c1,3,3,3,3,4,3,3,4,3
73f6bfb643e1d0d8d3868b7f1f0cd33d,3,4,4,4,5,3,5,4,5
dbd4f6f4fee92f77e8847f704635df6a,5,5,5,5,5,5,5,5,5
c3145055564aaf6c2ecea73a04bbe476,2,3,5,3,3,3,1,1,3
651871fee7a4c9e53028c99294709f41,5,5,4,5,5,5,5,5,5
f1cc477da5b2b0a5718a30ec82e3a0d2,0,1,0,0,0,0,0,0,0
799e5493454e8e8e4f75d383846625b0,1,1,1,1,1,1,1,1,1
3b8a504e9cb1a71c7d8810dbc83c1f3d,1,1,1,1,1,1,1,1,1
3752b697cae9f81a9d5ffe44dac58e7a,5,5,5,5,5,5,5,4,5
cf7f123c8b625d018cd97190a3fb3d51,0,0,1,0,0,0,0,0,0
78079f0be01cdfed7111f16d2a3473da,0,0,0,0,0,0,0,0,0
bd4039c1e7b986f2e640817cea35c270,2,2,2,2,2,2,2,4,4
61af9a116d196c47cc049a122eb7b7f3,4,4,4,4,4,4,3,4,4
fc8bbe93363ee983d99c949f41ea180f,5,0,0,0,0,0,0,0,0
0fe9a27d4af8817d43d5939344204f14,3,3,4,3,5,3,5,4,5
294c12f8fdc2228f1f080227aac95f27,1,1,1,1,1,1,1,1,1
4b22c4bbfb4c64cb76db6f0319dacc8f,1,1,1,1,1,1,1,1,1
f52d96b6efd32aa558588dd2e8fe1dfd,1,2,1,1,2,1,0,2,1
60d32cd009e0175fe8607166861cd430,1,2,1,1,1,1,1,1,3
105639feabdeb9be2a7a1b1db7ea7625,1,1,1,1,2,1,1,1,2
9858e810bb88db4a43c7285c3bcf2f37,0,0,0,0,1,2,0,0,0
b3585cffcf0fec3efdc8934b4f44e681,0,2,0,0,0,0,0,0,1
d52bc4ddd5d4efb8a99e68bc9d597fa6,3,3,0,3,0,0,0,1,2
282814f67e44cc563ba0eef3ea6f4bd5,2,3,2,2,3,2,3,4,4
36b55596d75cb210bce9db1166353568,4,5,3,5,4,4,1,2,5
e08e093639ae659b84c6d2c95f542f0e,5,4,4,5,4,4,4,4,4
bbc3af10b2b28e237b786efa802e226f,1,2,1,1,1,0,0,0,1
374d5401159d9bf39ce20b395d82c0b4,0,0,0,0,0,0,0,1,0
3dc568b37b7dbf893932e40949dc090c,0,0,0,0,0,0,0,0,0
d7d09ab8218cfe95d21ff22df45e75ff,2,1,1,1,1,2,1,1,0
53c42a394b9b949e8fe7c66df360aa5e,1,1,2,1,1,1,1,1,1
610489a9612f4f28cd140e8326c909fa,5,0,0,0,0,0,0,0,0
117e082dcd41f3e3244100693ceef2b8,0,0,0,0,0,0,0,0,0
c53a5bd984d2bd2b8b3d0529b081fbcf,2,1,2,0,2,1,1,1,1
84271b2059eff69d4cfbbb59670b8592,0,0,0,0,0,0,0,0,0
599648926096c44487968b630f9b4fb9,1,1,1,1,1,1,1,1,1
2558bc957c387115a0bceee1f18f0bd9,5,4,4,4,4,4,5,4,4
34ba9b9acea808ce0b9f3b69de2251e5,0,0,0,0,0,0,0,0,0
9fcd098c5a32cf1aa1a3bc8128a7daaa,1,1,1,1,1,1,1,1,1
dcc1dcad3b26cf0927b6f35228b5a058,5,0,0,0,0,4,0,0,0
12a318e597b0a4ac2c1cde0584e39206,3,3,5,3,3,5,3,4,3
41482ab4f8a95f09b3ceb53d4bda3f4d,4,4,4,3,4,4,4,4,4
82f3e320faea249555b7b85c7cb4d071,0,0,0,0,0,0,0,0,0
c80dace671e56c42338bc77530d15e39,0,0,0,0,0,0,0,0,0
767c041d13e5c5a89d22126d0da123f6,0,2,1,2,1,1,0,1,0
3e6e4a8f49b190ff3656c6cb85dae975,0,0,0,0,0,0,0,0,0
04875b8121c928cc022dd6f26a307d06,5,5,5,5,5,5,5,4,5
545c6237342e0a0d2a6af3d06296ac44,0,0,0,0,0,1,0,0,0
31e2791b5cab69a7ad81589bf9da9c4e,0,0,0,0,0,0,0,2,0
d55f48bd044aaa65375a07b6c02b34af,3,3,2,2,2,2,1,1,2
8631ec5e69c162ee078e8a17f131f72e,0,0,0,0,0,0,0,0,1
2de19392851565602fb1929dfa3f89ff,1,1,0,1,1,1,0,1,1
a6567125ec06dda3533e654d761ae78e,5,5,5,5,5,4,5,4,5
8ea5bb9e2220e1906653030284775e1a,3,3,4,3,2,3,3,2,2
3115c635439ae18f4a53ba3f91f7819c,0,0,0,0,0,0,0,0,0
da05399168ba25410d90c05f8f603012,0,3,0,0,0,0,0,0,0
8bfc4eb8d494eacb561c26623b3581ac,3,3,4,3,3,3,4,4,4
8d24346bac57fef32f520a6d5c282032,3,3,3,3,2,3,3,2,2
6b44920a6758d2dc91635ccb975b3bb7,5,5,5,5,5,5,5,5,5
1355acd8e4798125a040dd6d61578b1a,0,0,0,0,0,0,0,0,0
774b7c9a6f5c6a81a411cb46f697fac5,3,3,3,5,3,4,3,4,4
26ca4dbc8c6f341f304cd49e4fa0a215,1,1,1,1,1,1,1,1,1
dd1de3a4f68b088865866c04b3917f85,2,3,3,3,3,3,4,3,3
294ec32adf84bc61c69974ae54cf7e83,1,2,1,1,1,1,1,1,1
87c242a8e7dc0e5636b0ea1927f616cd,1,0,1,1,1,1,2,1,1
b85c0e9e08d5b97d232f295fffe7f5a9,1,1,1,2,1,1,1,1,1
d5f066d179ba659ba25b2a6846619356,5,5,5,5,5,5,4,4,5
35c8527cc2fb55f7d9d96d63bc9bd165,0,0,0,0,0,0,0,0,0
234fc34638b5b9a3a3ba25e514fd47f5,3,3,3,3,3,3,3,2,2
ac115e6c259bf4b3f6f3240c26c35eab,0,0,0,0,1,0,0,0,0
f02a67a1b405d1462ad124f5b03d5b4e,2,4,4,4,3,3,4,2,3
1afb7eb814308f8491a88398a6068422,2,2,2,2,2,2,2,3,2
664a26f04c363ae643886559d5910e16,0,0,0,0,0,2,0,0,0
0c884ecf6571905365546a078c02133b,3,3,3,3,3,3,3,3,3
9e994536fd365604921e85f145f6e7b5,1,0,1,1,0,1,1,1,1
eb074645f3635008d749b5f03c1336c0,1,1,1,1,1,1,1,1,1
c2e37dd8d2b6891abb2c78b15a25fe95,1,1,1,1,1,1,1,1,1
5dc2eb47ce16235ddb6da0b2bd1f449d,1,1,1,1,1,1,2,1,1
d527d0d353eef920f47505af9fe37956,2,1,0,2,0,1,0,0,0
865f64d013137396b5cfc7bb3888a56e,1,2,1,2,1,1,1,1,2
60f316434ad13b545269024f949698cc,4,5,4,4,3,4,4,3,4
b641f33ff342b590cf61baeea481716a,0,0,0,0,0,0,0,0,0
87f54ef4d144fdbcc7a97541396e3a9b,3,3,4,3,4,5,5,4,4
c47cd88262e0b75801a3aa1bc96aba0a,2,2,2,2,2,2,2,2,1
bb3a7b890dcf2383df0b8c6636100512,1,1,1,1,1,1,1,1,1
283624a201d08d9abc72c51af1da7923,1,0,0,1,0,0,1,1,0
62b633dfb302067fc326018482d36c89,0,1,0,1,1,0,1,0,0
fc69f56c44de0538a4de4b5d1cab53aa,0,0,0,0,0,0,0,0,0
836e53a9dcd0ce941da4e0c6d6fa399f,0,0,0,0,0,0,0,0,0
85ca610ed7575474defbe00948444b2a,4,3,4,4,3,2,5,4,4
914d7647a5387102dc4dba393cd092d9,0,0,0,0,0,0,0,0,0
83f3b246bdbd51ed830877c3991bf7ca,2,1,3,0,2,2,3,0,1
d6d59930bb06a2c82edefc477a8a7639,3,2,1,2,2,1,1,2,1
d70e54b1282d3c53ea346ce70d480d60,1,1,1,1,1,1,1,1,1
5811cebb423e45f0e351da2dd159e40f,3,3,3,4,3,4,3,3,3
0d3159cd1b2495cc82637ececf63ed41,4,4,4,5,4,5,3,4,5
06005debf8e7e498384b383c018e1127,0,0,0,0,0,0,0,0,0
b19b678ac181c02332d1ba7acb6ba436,3,3,2,3,1,1,2,5,3
b4e0fb2f9fef51df23589ef04c578b83,4,4,5,4,4,4,5,4,4
b06049ce3ec82f00aebdc4e368edc90f,1,1,1,1,2,1,0,1,1
ae8ff3a9e9fae5e29e97ca86856253f7,2,2,2,4,2,2,2,3,2
b30b0cebda476de77bec3bff2374cf68,0,0,0,1,0,0,0,0,0
760c42976ae580bcfe3381ccb4bc2a2e,4,3,3,3,3,3,2,3,1
4fae900c0644c8418c2028629afbd4e5,4,4,3,3,4,5,3,4,5
35e09396b1a536c593466d45285c7d85,0,0,1,1,1,1,0,0,0
7dc96e4c875886e486b787b3787249ac,5,5,5,5,5,5,5,4,5
348acf4acd24d50bdbf174e29d4e7309,0,0,0,1,1,0,0,0,0
9848ee7cc45f7cd373b155191085f06a,3,2,4,2,3,4,4,4,4
8c72125b59c871657b90358f53dab131,3,3,3,4,4,3,3,3,3
fd03054e356d9e95da6ebba5d9c7fb07,0,1,2,0,2,0,2,2,1
bfa8190de9b3ad6628dbc20140a59e1b,0,0,0,0,0,0,0,0,0
aa47209a146185e3bea1fa18b904304a,0,0,0,0,0,0,0,0,0
d2a97eb750bf080454727f8b67a69d92,3,3,3,3,3,3,3,2,3
eee51ecfd7d7fe5b3f4c2ffe27fae0af,2,2,3,3,3,3,3,3,3
ccfca35fc6e072b7f53082fd5aeb0e86,0,0,0,0,0,0,1,0,0
d1de8d4b1b39a0daeb0038f93931665d,0,0,0,0,0,0,0,0,0
9c9a1315dee1ffce88d48728455c1199,5,5,5,5,5,5,5,4,5
6bd476d515d75746bf716e578c704c3b,5,5,5,5,5,5,5,5,5
a1867f63370ccdb636e2ec006b5f0a6a,0,0,0,1,0,0,0,0,0
822c5bce81fb31e02a3561f4e083c52d,2,1,2,1,2,2,1,2,1
255b7b763760bd0cd6774aad75a3e0eb,0,0,0,0,1,0,0,0,0
84c2a5a9252e223ab8e84010b685dc11,3,4,3,3,4,4,4,4,4
7b917641f2ce238b8ea819f9b0497d3c,4,5,5,4,5,4,5,4,4
5724a6703905a9e591fe7f6017eab790,2,1,1,1,1,1,1,1,1
89fbdb6764c16e5901842b67da4b34c1,0,0,0,0,0,0,0,0,0
3fb4a2a819569ea4605fcaf4349bd2a4,5,5,5,5,5,5,5,5,5
29ac0dc44c2f3136d4867882bb9edcd9,1,1,1,1,1,1,1,1,1
b96c4bb9689d3e5a6c6fc4e126f9f72f,5,4,5,5,5,5,5,4,5
e06fe6f8da1f7a47476109e82548cd94,0,0,0,0,0,0,0,0,0
3c01808e1ea1eba5f6cdd015c4738426,3,3,3,3,4,3,5,5,5
9403cc77efc7d9414204d12e31dadac1,2,2,2,1,2,2,2,2,3
5028df90f05b4843e904af64a32e3653,0,0,1,1,0,0,1,1,0
7a4eeb9ad072b4c2c72ae24347705635,1,1,1,1,1,1,1,1,1
da9c302c67df4c32f2f05be779393b7c,3,2,2,2,2,2,3,2,3
8bc019d3bc465a6f9b28913f5cb22c00,1,1,1,1,1,1,1,1,1
a778ef2839b7492090564d78367aaddb,1,0,0,0,0,0,0,0,0
2ebdf4f501a6a50b16697d8f1b864791,2,3,3,2,2,2,2,2,3
b265d93d05d4e53741646f108598a055,4,5,2,2,5,4,1,2,2
8c85b3c695c3a7ae3a9265cd7aa68769,4,2,2,5,3,2,3,2,5
a0ac3589042f9e99d31b521b5b56ac06,5,4,5,3,5,5,5,4,4
d097cacf525058ef294e46c7e6cd2f1b,3,4,3,3,4,4,5,4,4
fcc6696218319355da02c834a9389d55,5,4,4,4,4,4,3,4,4
49ad3b1fca450036f56b4844f178b837,3,3,5,3,5,4,3,5,3
bdae289bd86165f1bcce2bd2afeb136e,3,3,3,3,3,3,4,3,4
e52afd1585ee4930b0005e42118a6e42,1,0,0,0,0,1,0,1,1
55141dd28c366c05a4a4f0e39e2a37fc,5,5,5,5,5,5,5,5,5
58c6772feea732357604d4178abc4032,3,3,3,4,3,4,3,2,4
b09440c2ca3386ff43f8ab0345a566a0,1,0,1,0,1,1,0,0,0
cb3e71bd3331bf85370d0a3a3071f47c,3,2,3,3,2,4,3,3,2
d8887d39c2b13ab34daf2806ab3c8a5d,0,1,1,1,0,0,0,0,0
c4b8e60fec9eabe9a9fdacce39f23d60,1,1,1,1,1,1,1,1,2
8a4acae5d50cd14899eafd08c2dfa8fc,1,1,1,1,1,1,1,1,1
6299578ed6388e6b866fc04e931fa15a,3,4,5,5,5,4,5,4,4
e89fd05c02c2297653d93f9bdaa71961,1,1,1,1,1,1,1,1,1
9d4c9c906da48df59aaa7e1cb02b6f3f,0,4,0,0,1,0,1,1,0
98eff279b10d8e5186e406ef91de2f3f,0,0,0,0,0,0,0,0,0
cec6d31b042009cc924bffbe794b1da1,3,3,2,3,5,4,5,3,5
49621f6f666d1c54b23d1616ac4beb72,1,0,1,0,1,0,0,1,0
384b08d948baac79a949e41d71929ecc,1,1,1,1,2,1,1,1,1
545063a5e1917a0ddb4f48b99b40142f,2,2,2,2,2,2,2,1,1
9359e8987975c5e0d24dcb18e41270dd,4,5,4,5,5,4,5,5,5
ffac6d538449832cbecba2c4f4908dfa,3,3,3,3,3,3,3,3,4
8e25584bd03155d24a2adc00517a38e8,1,1,1,1,1,1,1,1,2
df18ac8990e89990e4b908f4d77c3aa2,3,3,3,3,4,4,3,4,3
9868a54bf110a952ac11af9f4659c5e1,1,1,1,1,1,1,1,1,1
6192cb59689c4dfe0800df8b4a86412f,4,5,5,4,4,5,4,4,5
27556fdb820073abe367089a67ab87d3,5,1,1,1,1,1,0,1,0
aaee8c7e09fa4b50c160acd7e3302cfd,5,5,5,5,5,5,5,5,5
0e187aa3c8dd29c41e92af60d2dfb7e5,0,0,0,0,0,0,0,0,0
05ae9c45c764c3e40da1e8785a688852,1,1,1,1,1,1,1,1,1
71284c0b091060bd4d353a9e94c8a491,5,5,4,4,4,5,5,4,5
88281522d27ef85887810dcc0cb89b14,3,3,3,3,3,3,3,4,4
fbca4257157e8123cb38853b6dff7a57,2,2,2,2,2,2,3,2,3
62b7b103e94ad6c24140203cd105d387,0,0,0,0,0,0,0,0,0
7a42019fe50ed38d182095e380b9e038,1,1,1,1,1,1,1,1,1
6022674dabca016474586aa350e7a67e,4,4,5,5,5,4,5,4,5
200c27d689b7c5b6461f6cc33428049a,0,0,1,0,0,0,0,0,0
9881c5b73dfca7ca25f3a54478ef9570,1,1,1,1,1,1,1,1,1
72ed5caa64960f0dd8bc85a3c83e9179,5,5,5,5,5,5,5,5,5
71a66ea303504eb43f3369162d0a9307,0,0,0,0,0,0,0,0,0
4a76cf6ae9a94a533b65c6a14ef464e5,0,0,0,0,0,0,1,0,0
7b5b2d7f86f7725b0ea4f0ed3b4807de,3,3,3,3,3,3,4,3,4
f317f98d0b35871e4363580090ed2e03,1,1,2,1,1,1,1,1,1
eccf078b6260753c6ae617c71a6a08e7,0,0,0,0,0,0,0,0,0
af3d444497d045a442cfe01a4269f47e,1,1,1,1,1,1,1,1,1
c8cd9282130842208245bd0ec8c0f22e,1,1,1,1,1,1,1,1,1
65529d6dd8a2d9596cae939b6aef2c65,5,5,5,5,5,5,5,5,5
b912445f14c14f0583f573db5be18d7a,1,1,2,1,1,2,1,1,2
11024c824e699307cf890c95271039c2,2,0,0,0,0,0,0,0,0
a28e296c8480489a03db3731aa364183,1,2,1,2,2,2,1,1,2
53c8c3db02019962528b008bd8594ef5,0,0,0,0,1,0,0,0,0
bc0a9770de3e36814070036acfc9df6f,1,0,1,0,1,1,1,1,1
3c0e4614fe9fc45936749d12d29bb127,2,1,1,1,1,1,1,1,1
7c26678aadba2c12ebfbf4dca5d23781,0,0,0,0,0,0,0,0,0
490c134f47d483a880c183f85f66705e,1,1,1,1,1,1,1,1,1
17f8d9e0325c50e08ea3a4705988842b,1,2,1,1,1,1,1,1,1
76b8865c3acb3c9ac2d796f523bd2da7,3,4,3,4,4,4,3,5,5
3b7f094d2e4a2c14d38961d386f9b2ca,3,3,3,3,3,3,3,3,3
27fc326a541217b0ddf54ba29ffef99b,0,0,0,0,0,0,0,0,0
bd95b9c20d2a8dd686fb0f64432aa82f,3,3,3,3,4,3,3,3,3
87667e72b7fa0491a09fc9555894bfbe,0,0,0,0,1,1,0,0,0
89159e7316ccc0d364591c421a5c7e56,1,1,1,1,1,1,1,1,1
cb74b2651f529e460f2a169b5ea176b4,0,0,0,0,0,0,0,0,0
60a18d14b13eb21b56f3d3e77a315af7,4,4,4,4,4,4,4,4,4
0e6670ba0c2f6a57e6af57d1a5def196,0,0,1,1,1,1,1,1,0
0ace5c189da8f9f9d9cb92e85f142904,1,1,0,1,1,1,1,1,1
1987d293a6345a3fdfd2accf524bc2d1,1,1,1,1,1,1,1,1,1
d3c5d7ceeb968c58ab20710cae53e022,2,2,2,2,2,2,2,1,2
f051273bd75ea902b5a163fa772decac,5,4,5,5,4,4,5,4,5
adef73f1a19ad047a97ba507c3312798,4,2,2,1,2,3,2,2,2
5c25da900a402f4414069c93bcea9424,0,0,0,0,0,0,0,0,0
62605db0277dd94dd1fab196966d8c18,5,5,4,5,5,5,5,5,5
751016133b7a6d0cea31c75ed46ca532,0,0,0,0,0,0,0,0,1
115bd4dfe4bfd01f17f11c13eb61a77c,2,2,2,2,1,2,2,1,2
963dbf9f3a2bbf5ba88eb0e6e15cb628,2,3,3,1,2,2,3,2,1
bf55f33acd7b0809b48cd8a1372b7c9c,3,2,5,3,1,4,2,4,1
685b3fd17cdb8da60494694df414dc20,3,3,3,5,3,4,3,3,3
5e862859f60d643795701ab5a17c6348,1,1,1,1,1,1,1,1,0
09f37474deb25ad463c1d17e29054785,1,0,3,0,0,0,0,0,0
6731d5ddd7e968439e757ac850feb2ad,2,2,2,1,2,2,1,1,2
8d0e1de534ee6589cbcc1af1ded62f7d,2,2,2,2,2,2,2,2,2
0cbadddd6fd3eca47c33e48752f680cd,1,2,1,2,2,2,1,1,1
2900c4adc2de0d0e57f2da522a337410,0,0,0,0,0,0,0,0,0
b4e8ce3fdf69e46eac26d7282e2af0c0,5,3,4,5,5,4,4,4,4
a75c60d5d98606ed26161ae3757da650,0,0,0,0,0,0,0,0,0
72036c2e4652e2ebf2cf22c10d138c35,2,3,3,2,2,1,2,2,2
b896a5ef96069f889c0e72c59e48b917,4,3,4,3,3,3,3,4,3
edb9c2eec6fa3dbfb0f7443c4ffccb4a,2,1,2,2,2,2,2,1,2
5d48c52e804a1b1d565ad60a71e38df0,0,0,0,0,0,0,0,0,1
d13ee083f8ea8e6be9e54cf1c6d7fa50,3,4,3,3,3,3,4,4,4
464d35ac0644183c0891abde15a042c7,3,3,3,3,3,4,3,3,3
38837d7934505b74d0b4e1830a0c5511,1,1,1,1,1,1,1,1,1
d2bd898f6bf18aab557c0d7d4fca4fc8,2,0,2,2,1,1,1,1,1
e42a5ac349ef287cdcf1ba47281fe908,2,3,3,4,3,3,3,4,4
e91823c58aa142ecda43d781dc322a9c,3,4,4,3,4,4,4,4,4
6ca88a3bb8a632f16616864d13fd4f92,3,4,4,4,4,4,4,4,4
62e9867216981bb9eb06e9d14cd2b0eb,3,4,3,3,4,4,4,3,3
128ade97a27c446fb413b1787426760c,3,3,3,3,5,3,3,3,3
b7ffaa89535b4540997ca9782fc30a75,0,0,0,0,0,0,1,0,0
fa24cdade1cf331f7070ebb32bd2a55c,1,1,1,1,1,1,1,1,1
a65a095302fbc94c8e21ae65e1ccd17e,1,2,1,1,2,2,2,1,2
bc117bdb69ef663346ffe9e93d995657,2,2,2,2,2,2,1,2,2
ffdc59cd580a1468eac0e6a32dd1ff2d,5,5,5,5,5,5,5,5,5
6610773ae6ab13f5fca25de96945cc4c,0,0,0,1,1,0,0,0,1
255a76a1ac28860f33678d4b9cbde7bf,1,1,1,1,1,1,1,1,1
501403e5c13c7b86bc9312d087a6e490,1,1,0,1,1,1,0,0,0
5acd1d61963dcd5d76670a85904815bf,5,5,5,5,5,4,5,4,5
e005bc3ecd718b268588742a9e86d6f8,0,0,0,0,0,0,0,0,0
51c3d460a2f37b0c8948478f702bddb4,4,4,4,5,4,4,4,4,4
0c50e4b8b6e11c3b01c243d9a9e58446,1,2,2,2,2,2,1,1,2
07eaadc46babea72e7fd1c3be000928e,0,0,0,0,0,0,0,0,0
bc3ea73616f606f303527da9e52796c8,5,4,4,4,5,4,5,4,5
c2230eb928a225c9cbb7d247cbde2b4a,5,5,5,5,5,5,5,4,4
a807e743ad2020d229347aede1882a8f,3,3,3,3,3,3,4,3,3
19f3f3265bd80f1ee68cff968541639a,0,0,1,0,1,1,1,0,0
aa8ee3fd85494e92cc6595f97d42dc6a,2,1,1,1,1,1,2,1,3
fb568355c1061bc87e886a18f5b4de38,3,3,2,2,2,2,3,3,3
e34cba2807a8776c31fa61f63ac567cf,4,0,3,2,3,0,3,0,1
dc474e15a61e861a6a14f334e10a7934,0,0,0,0,0,0,0,0,0
9e47e424e9fa1a9ef32d9013522df425,0,0,0,0,0,0,0,0,0
4ed29df24a54fba2e6ee2c14716c2e62,0,0,0,0,0,0,0,0,0
55f1501ba2898b8842543c1aeb28c891,2,3,3,2,2,1,4,2,3
8af54c71033c8019017490db924dab70,4,4,4,4,4,4,4,4,4
17e1f862d37507d9b5a73208ef30ccc6,2,0,0,0,0,0,0,0,0
2ebc99a3c4af2b3f021ab423c0ab1e8a,1,2,3,3,2,1,2,2,4
def34835d0079f5fdd5bfd81b01ff7ee,3,3,3,3,3,3,4,4,4
a59a439b05a88a8ed3210054269c7bca,3,3,4,4,3,4,3,4,3
5203b6b2f6c3e46cdb2f09b9d99a5ecd,3,1,4,2,4,4,3,3,3
c9011f483369ca7cc64fc46259b277fc,1,1,1,0,0,1,0,0,1
6af07a7340e7f59f1acc0973007d0946,0,0,0,0,0,0,0,0,0
b25e5ec86bdfecb9335f0e683acfda87,0,0,2,5,5,1,1,5,5
720fbd3ae39bbc0f60fbc61313a400e7,0,0,0,0,0,0,0,0,0
2b692574e216f29a6c1b40d7ca36c086,1,1,3,1,1,1,1,1,1
bb5e9c142a265b251a4d9704c7ca394d,1,1,1,1,1,1,0,1,1
072fc649567e358ff3c69f6e5c1f630f,0,0,0,0,0,0,0,0,1
8a197e17ca0091e9abcfb457dc24813f,2,2,2,1,2,2,2,1,1
ddb64fec2f66e001804e629c20867e59,5,5,5,5,5,5,5,4,5
0d73c6cef9ab76b13f53f6605e8d494e,1,2,1,1,2,1,2,2,2
c452a6a33afe1ab834c0e54df1b2ace6,0,0,0,0,0,0,0,0,0
526b3a6453ffd2eadc9e5e78d7399bae,0,1,1,0,0,1,0,1,0
00d7ec94436e3a1416a3b302914957d3,2,3,2,5,5,3,3,2,2
1cd489bab8e8776d5f2882e97799f30e,1,1,1,1,1,1,1,1,1
37f5f5eeed547c62c951aee3ecdc97ee,0,0,0,0,0,0,0,0,0
c25541fd4c6bf6f78e3f364d279b63cf,5,4,4,5,4,5,5,4,5
204a1ddef1580e571872b2d4e424b4fe,2,4,3,3,2,4,4,2,3
0a848ccbbb065ef5ee59dd01710f8531,5,5,5,5,5,5,5,5,5
8f68f6bfbb6d42404f399af5850d29f4,1,2,1,1,1,2,2,1,1
c266773fdf88a75561821afdb49cc0e0,1,1,2,1,2,2,3,2,2
912ca342d7aa2b580b6b3fa8aa547b4c,2,2,2,2,2,2,1,2,2
7d75d4e19e3190f348b45a143b777862,1,0,0,1,0,0,0,0,0
4f8f6e4d549092291a273343351be5ba,1,1,1,1,1,1,1,1,1
29012d883d912965b3719856bf07021b,1,1,1,1,1,1,1,1,1
633d23562dc69169de94e10026731594,0,0,0,0,0,0,0,0,0
4d6ebb6d0906239b4a0836e250fef3b8,2,1,1,2,3,2,4,2,2
9293d9cbf670375a056639da7e0a0f7b,0,0,0,0,1,0,0,0,0
2abb253542077998ae8734508e256ead,2,4,2,4,3,2,3,4,4
660731988fc83bd94ff232ce81367420,0,0,1,0,0,0,0,0,0
ad51713ffd48bc5a84174b667be3232c,0,0,0,0,0,0,0,0,0
a8bd3316f3eeb3613dc827e2a424c727,0,0,0,0,0,0,0,0,0
34b9896eebff5d0501dc23156b26f2b3,0,0,0,0,0,0,0,0,0
bad219691caef5dabf2c41f8a9f531a9,3,1,3,3,3,3,3,4,3
01065a75c0dfd95f78893ebbfd3c70b3,2,4,3,3,3,3,4,3,3
435734d7f2f72864a59c326150f06909,0,0,0,0,0,0,0,0,0
975e3dab22e437d040f2fd296a8d038f,0,0,0,0,0,0,0,0,0
09e8b4e9ce5253168cf18c88bdc8304c,1,1,1,1,1,1,1,1,1
cf1c7e7e632db44c5ca6de473da247e6,3,3,3,2,3,3,4,4,3
fe31b73983c3714b48a2079519ed6b30,0,0,0,0,0,0,0,0,0
5defe2d09b6802c65d28af7d80ebf788,4,3,3,3,3,3,3,3,3
b640ae62431d5a81eff0992bc612c9e6,0,0,0,0,0,0,0,0,0
be8584d0393a178557fbcf29e770f690,2,1,2,2,2,2,1,2,1
554c017aec32fb7b6448c3ba22d3f0e4,1,1,1,1,1,1,1,1,1
fb5b6a4415b08f8e7e16acc50e14cf0d,1,1,2,2,2,3,0,1,2
b75ccb008444e0845df0ee3ee505ca5c,3,3,4,5,5,4,5,4,4
badbaf5d20db12b65b518ca473bfd12e,1,1,1,1,1,1,1,1,1
342ebe047585744a01b924491ecd5222,5,5,5,5,5,5,4,5,5
2470531626032d9f836359f11fd4fdf7,0,0,0,0,0,0,0,0,0
b6b7accb239bacc0e3a8455acf3833fd,0,0,0,2,0,0,0,0,0
8546b73cb1496ba85aed909ee151290b,2,2,2,2,2,2,2,2,3
6549ae500a4a645d44efb7a611c5ab21,2,2,2,2,2,2,2,2,2
cc69b5e397b5d44eb220566b0bfbed78,1,1,1,1,1,1,1,1,1
7a2980fb744ca6ea7a9b5d9fa4d838bb,4,4,4,4,4,4,4,4,4
d37503369b9381675b7e76753febca9e,0,0,0,0,0,0,0,0,0
177832eff75d0ffb22520e6c8a052e6f,3,4,3,3,3,3,3,3,4
87c8e5d299ab6d6cda6c0c9002de26db,2,1,2,1,1,1,1,1,1
fca194bf832d659b11ec2a1c37492094,1,0,1,1,1,1,1,1,1
8410fae68bb5de5c8c1b080810903bed,5,4,5,4,5,5,5,5,5
3659d03cf49bd6a1f648edc1423c711b,0,0,0,0,0,0,0,0,0
a31660605fa1295d74bfb1729c3d05eb,1,1,1,0,1,1,1,1,1
1b875804696c16df1c91abf6d16a7b4e,0,0,0,0,0,0,0,0,0
dbbd706e74cdd87e423b5e28d3c7f25a,5,3,3,5,5,5,5,5,5
80eb4ec9097d28e851f5ca76c8a69732,0,0,0,0,0,0,0,0,0
e8d79e4c9b85f70b581e3403241672e5,2,2,2,3,2,2,3,2,3
0b6a90e1c27bf54488c1f7697c6ce599,0,0,0,0,0,0,0,0,0
99052931c444660b3edeeb5e9279a4d3,0,0,0,0,0,0,2,1,0
e610af2c9bdb892102c1c239c836121f,3,3,3,3,4,4,5,4,4
7c90a7a9ea4b644c26fa03ffd564676c,4,4,4,4,4,4,5,4,4
285e28ef159dc6a54e18cc1962136596,5,5,5,5,5,5,5,4,4
3eb04543a5cd878e7590ac3e453d1b2d,0,0,0,0,0,0,0,0,0
85ae912d1e6aba77299982dd4b63a9e8,0,0,0,0,0,1,0,0,0
713488dc169d4113570a86352d0b4a9f,0,0,0,0,0,0,0,0,0
304a3ffc48df61727191b465d69f9544,2,2,1,1,2,2,1,1,2
a408bd35cb44b141bf67fe60e72561b3,1,1,1,1,1,0,0,0,0
8b012a7302f32e3f7d03c59473992462,3,2,2,2,5,5,5,4,4
df4146c2cb4e97d9c227bdd90d4dc6f8,2,2,2,2,2,2,3,2,2
901c286b8214018bb61ece49767c9004,1,1,1,1,1,1,1,1,1
897ba1f3a78695935baabe54f649e95c,2,3,3,2,4,2,5,3,5
94f59c80441412249d37ee784bbb64aa,0,0,0,0,0,0,1,1,0
ecc3d16c7cbe0903bfe1bea8f3755236,1,1,1,0,2,1,0,0,1
07c52f877d1c531c1da6ea32b3c6bff5,1,1,1,1,1,1,0,0,2
f020cc334d760c90c51064fbfcea2dfe,2,2,2,2,2,3,3,3,3
f4eb5ccf14a42b3a6396eff3a53ed59b,3,3,3,3,3,3,3,4,4
ff5130c98c14c90ae7f4dd64c297070c,0,0,0,0,0,0,0,0,0
bf5ca3ecbaa49be10b5d9fde82049434,5,4,4,4,4,4,5,4,5
af3c2515b4914a1dfb754d0442970144,0,0,0,0,0,0,0,0,0
1d54eb35ac47ca398377128f15275f40,1,1,1,1,1,1,1,1,1
d7317063793838db3f284cf45c2a6136,3,3,2,2,2,3,2,3,4
0497647d8124c3a7f498c89204b7afe2,0,0,0,0,0,0,0,0,0
a55cc8df950bcadf4cd61ff470d74246,1,1,1,1,1,1,1,1,2
18eb49f9b5f5b45b3a93717ec10bfd7e,3,3,3,3,2,4,5,3,3
1a66b4d3dbb1089891835d2698c6deec,5,5,5,5,5,5,5,5,5
944993e4e26b18e41b3693a4095cbf77,0,0,0,0,0,0,0,0,0
ea6606c5db492fded16b2120e184455b,4,3,4,4,4,4,4,3,3
d9c9948c3c66446410dfc95adcafd115,3,2,2,2,3,3,3,3,3
9c5565193a8ab6ddc3b303bc0a9cca09,2,1,2,1,1,1,1,1,2
e50a3ffa9065f537a4058f3176e41b7c,0,0,0,0,0,0,0,0,0
4d3882bcb3cfa5661e84b381063d2917,0,0,0,0,0,0,0,0,0
6e9995fa4c8db46c8bef5798eda91bbc,4,4,4,4,4,4,4,4,4
1d7f8f1abfefa25cfae8cc2ede5d847b,2,2,2,2,3,2,4,3,3
ed3028d82ffde075540a2d54abed2b15,2,3,1,3,3,3,3,2,3
49028569e6f57627112e7c0c35480fa2,4,4,4,4,4,4,4,4,4
f373a5772e30bd514a81f02f04d4d973,3,4,4,4,4,4,4,4,3
406a9e1224e5795fdaaf3424b8c593f7,3,4,4,4,5,4,3,4,3
3c2dd628b93ce49260c21b8aa9d8fba5,5,5,5,5,5,5,5,4,4
b1a8dc23435d6fea4a7847fcf02f9374,5,0,0,0,0,0,0,0,0
b9506d7fadfafc425ad9626574e125eb,1,1,1,1,1,1,1,1,1
3df74d2fbfaa978ea7dddd31ff05f9f2,0,0,0,0,0,0,0,0,0
53c13f2dba313251cb0e86eeedda6bbd,3,3,3,3,2,3,3,4,3
1a47516a42e7fd48f8a05253ad26ae62,0,1,0,1,0,0,0,1,1
363cd7b84bf86e6c8cd7073897b97232,0,0,0,0,0,0,0,0,0
52bbaa0fbe4b7a3d193fc41eec5b0f46,0,1,1,1,1,1,1,1,1
c0fe404fe0a24f435d7edd6b3e189768,2,3,2,3,3,2,3,2,2
d19246d956e226f8a41ad8848482c5fe,2,3,2,2,2,2,3,2,1
7ec0f086a920ce703cd2b74895b9be49,5,4,5,5,5,4,5,5,5
d1c55a74d360f72ccb9581e85a3ec08e,0,0,0,0,0,0,0,0,0
0e01dca6be914ca5159e6d6bbd9b9468,0,0,0,0,0,0,0,0,0
75cf9bec1ba79a53d29d9d81762e1817,0,0,0,0,0,0,0,0,0
ce5578cd0044db806cbfc334f9013316,2,2,2,2,2,2,2,2,2
3790419eed3f86165b0cb74ea30aaa01,0,0,0,0,0,0,0,0,0
57fca8dcbc2f311382970f20842a923c,1,1,1,1,1,1,1,1,1
283d925bbde649adc0a7c703049ee7d5,2,3,3,4,5,3,3,2,3
c8ca4858e14ad4bc1a466796f147f1ca,1,1,1,1,2,1,1,1,1
537e2fe52437bd0b4f139d9397208c55,2,1,1,1,1,1,1,1,1
2a6d0c4bd562bb83e9863a175af50de4,5,5,5,5,5,5,5,4,5
a341bd2f51b0913bed2a23c315287002,3,3,3,2,4,3,3,4,3
0ff9887e50a45141bb1755c5dda1b8c6,1,1,1,1,1,1,1,1,1
a2e0d1c14db909be687d445cb07f786e,0,0,0,0,0,0,0,1,0
b79a6f8a47e79bfc1dabc48c37d54464,4,4,4,4,4,4,5,4,4
6c125545cedcaf6438003ca039edfa87,1,1,1,1,1,1,2,1,1
11f9b8c48b800c4434f693f0e76bc3b4,2,1,1,1,1,1,1,2,1
891f54c0f474191384a4b5e2d97b4696,0,0,0,0,0,0,0,0,0
f44bfa3eb762cd9204ccd5a2c2e6111e,1,1,1,1,1,1,1,1,1
87a1d44e21700bd0eb3db27371eb3999,1,1,1,1,1,1,1,1,1
835061458363b1b59aeb19f3a5d3e879,1,1,1,1,1,1,1,1,1
3f9f4281ff7b4f7de85986680ad239ef,0,0,0,0,0,0,0,0,0
97bed3de5c372f3dc9ba818cd5e97369,0,0,1,1,0,0,0,0,0
c33ea46fa0f0ccbf4cfffeb3a849789e,4,4,4,4,4,4,5,4,4
ebb2cd4c02707a6d648b8e986f72210b,3,2,2,3,2,2,1,2,3
2a8a6a2ae403793e716160d1bf5b5441,2,1,1,1,1,1,1,2,3
860689fad4d59ab424ba43eeea22ccfc,0,1,2,1,1,0,0,0,0
9f7e34c8bd9a13d563a5a1a7a0f78b24,3,4,3,3,4,4,4,4,4
2672914ac9d2dec1a04d09aaac482df1,1,0,3,1,0,1,1,1,1
1e04135bfa21358d83253135862b6d2f,0,0,0,0,0,0,0,0,0
4b6ed79396add87dafb5a4d6846c6972,3,3,3,3,3,4,3,4,3
5610328a948bda29dfd0e939d28e9f9c,0,0,0,0,0,0,1,0,0
2529d7548a0f10637e2a6af1c06f2d3a,0,0,0,0,0,0,0,0,0
322b308222ea34f31e3c1191ecdc663b,2,3,3,2,2,2,2,2,3
69a68245b813fb5a105dff02d32c6143,1,1,0,0,0,0,0,1,1
c1fe7ea9e72f3e8204169b38c5df317a,4,4,4,4,3,4,5,4,4
4529b55616610e6206384be8245d1238,4,4,4,3,2,4,4,4,4
e6a6f4658717ef0c20e18cc89b96f4e6,2,3,2,2,2,2,5,3,5
480dc522c58d59f6a6eb7b5351352d16,4,4,4,4,3,4,3,4,4
7657e325f5f8e11b05ea3428ba89b53d,3,3,2,2,2,3,1,3,3
51e36cff1aec1dee198a6119c9b9a5ba,2,1,1,1,1,1,1,1,1
96d899632a66fc8acc41e89ad288f00b,5,3,2,3,3,3,3,3,4
1d423b8701a1b47e4076ed303562ac9b,0,0,0,0,0,0,0,0,0
695603da155d297ae307ae2d52abfba4,2,2,3,2,3,3,3,3,3
a8a951c084f704fb77c2a3ab1c21b474,2,2,2,2,2,2,2,2,2
ad4a5651b91f3194db3ed570a0b80e84,5,4,4,4,5,5,5,4,5
19b0eb9d02259e897f81f08afbcfc9bc,1,1,1,1,1,1,2,1,1
9d3e66d1513d70f510b33d11a65c425c,1,0,1,0,0,0,0,0,1
b6d811787ee589d5c13dfd8f3aa893f4,0,0,0,0,0,0,0,0,0
9181bae76adbd66f7a603698945dbb9f,1,1,1,1,1,1,1,1,1
6ff318a6d23cd703fa230a51d9e36834,3,4,4,4,4,4,4,4,4
3db32216102af6f7106c9124bf71d097,3,2,3,3,3,3,3,3,3
cc7108d87539f2f33927e77866055774,0,0,0,0,0,0,0,0,0
0b99475a066e609a5ee19ee84e30e376,1,1,1,1,1,1,1,1,1
116b4f2b0182e6730a1299ddd6b42e4e,1,1,1,1,1,1,1,1,1
4cbde67c6d4feb90b93497fa08b413f7,0,0,0,0,0,0,0,0,0
4035885f764d0e277b0a7f058711c6ba,0,0,0,0,0,0,0,0,0
69187b17ca2488b677f9a79e44654277,1,0,0,0,0,1,0,0,0
65a653ff2eae408f815ffce6898173ca,3,3,3,4,4,3,3,4,4
03ca7f8d8c993d3959daf10ef57f4489,1,1,1,1,0,1,1,1,1
5b78d822442ace9831e972143994d548,3,4,4,4,4,4,5,4,4
1e6417b7ccdcfe97f00fe41f8b25f70a,3,4,3,3,3,3,3,3,4
8dbe3cdc6b82d368c82e44f054477769,1,0,0,1,0,1,0,1,0
68ed043642fc8749303ec2a03e143ec7,4,3,3,3,3,4,3,2,3
ae40259911132077ce85e8f2da580c5d,1,1,1,1,1,1,1,1,1
f55f2ee739e6885b33a64d5171b7706c,1,2,1,1,1,1,2,2,0
75dfcc2a661ccc7eccf5bcfb3a4896e6,0,0,0,0,0,0,0,0,0
bd044fc0a6c80e3f94bdbefb3d36cdff,2,1,1,2,1,2,1,1,2
21d307db700f7fc8904081fe0894c81d,4,4,3,4,4,4,4,4,4
79c8f162b231aebb6c639afa3f4395ae,5,5,4,5,5,5,5,4,4
3479b69cf34e5241ddabe268dc304c56,0,0,0,0,0,0,0,0,0
a3da6a9b33b3bbbbc3a2121a06a75ee3,0,1,1,1,3,1,0,1,0
d69d6df4aba8dd5cb1d92e622cf9a005,5,5,4,5,4,5,5,4,5
980231066d0cb7d43fc3993e6fb2f619,5,5,5,5,5,5,5,5,5
0e16745ebec69d81333b472627815751,2,1,2,1,1,1,1,2,2
9e1830d84aba70d6f4dc2c67c3063370,1,1,1,1,1,1,1,1,1
c0fccd51fdd784f9f0d708682293ed14,1,1,1,1,1,1,1,1,1
a03027be345abd8c06874823f2cc2f95,1,1,1,1,1,1,1,1,1
6806e41cd6048002dfa52e2f4ad88900,1,1,1,1,1,2,1,1,2
46ba7e08ffab2db7ec66bc84b2f7efbe,3,4,3,3,3,3,3,3,3
815c0f16b5b809d54293c6c981c7daba,5,4,4,4,4,5,5,4,5
6788613b15835202197519f788c9f435,0,1,0,0,0,0,0,0,0
4e80b5738f591c7d0d91889c2bdfd39d,0,3,0,0,2,0,0,0,0
d650074cb4c31b78e04d220718bc0eb2,0,0,0,0,0,0,0,0,0
9fa46cfece4259875670f7e788b3326d,0,1,0,0,0,0,0,0,0
c7b5025d6ca0352a9feb0b83f3ecf231,0,0,0,0,0,0,0,0,0
f3ffd2029fb675801fe3d8c39a1c591a,0,0,0,0,0,0,0,0,0
aba52f1d32ab593c075801a10a98938b,4,4,4,4,4,4,5,4,5
b5925cdedf4c9c40b4249a39bfbbe35a,4,4,4,4,4,4,3,3,3
6210ddaf9f3e233411579da0ea9a0484,3,3,2,3,3,3,3,2,3
ba4a7100888e96520a047cbd8f889371,2,3,3,3,2,3,3,3,3
b4792bfb6689086e7ca4541a25d35b95,1,1,1,0,0,1,0,0,0
6b083db10343b3e91558b13bf2faf62f,1,1,1,1,1,1,1,1,1
28fef958d77c41e9d318bd9177bd1225,0,0,0,0,0,0,0,0,0
6651573b179734d9205f592604191b67,3,4,3,3,2,3,3,4,4
da2319b5a8f33c13bcf2380c25b78e37,3,3,2,2,3,4,3,3,3
81da1181330200bf01e70ecc233ba989,0,0,0,0,0,0,0,0,1
071adc8288cc111233b74980684c3552,0,0,0,0,0,0,1,0,0
771d1a07ddea7dc129a58d50f749d042,1,1,2,1,1,1,1,3,1
f91d27d0216aa979a0c89f465a03d990,1,1,1,1,1,1,1,2,1
11987580ef3e38921af9931918c88a26,1,1,1,1,1,1,1,2,2
b2dca2c953d270bc78478df8cf5ddb62,5,5,5,5,4,5,5,4,5
cc62826100999f9afbea8484e18dbf00,0,0,1,0,0,0,0,1,0
a8133622df02940b40d4dc7c6c0b2712,5,4,3,4,4,5,5,4,3
1a33d8ea1893170a972d67e493d59396,1,1,1,1,1,1,1,1,1
b53d843700d9665439ec8791e4024d70,1,0,0,1,1,1,0,0,1
e4b834368f1bea55cf44b94045583548,0,0,0,0,0,0,0,0,0
b99ca5db00eca6566d106abce9cba70c,5,5,5,5,5,5,5,4,5
284dcd2d3d6d09fab242477dce6b69d1,5,5,5,5,5,5,5,4,5
ec382d53fa1973de25c35af7af550aff,3,1,0,0,0,0,0,0,0
cd5000b5145431a1c0883b7753df9c55,0,0,0,0,0,0,0,0,0
ee84768fd0b939e9fc7369652cba4a35,2,2,2,2,2,2,2,2,2
516f93fd6b07daa49fb374122d2664c3,2,2,1,1,2,2,2,2,2
99ecaa4a61fc527057721723247a099b,1,1,1,1,1,1,1,1,1
8013d514fff8374e2f0435f808a57d8e,0,2,0,0,1,1,1,0,0
ebcb278bfb1d92fd4d48046fd697e2c0,0,0,2,0,0,0,0,0,0
d3d56ee887a17cd40e7b6cf630c8107c,2,1,1,2,2,1,1,1,1
78ef82c809a7a83e145b2ff221af942d,1,1,2,2,2,2,1,1,2
248fc842149898be28b346ce1fb15ab1,5,1,2,1,3,1,1,0,0
4bf5a250183e162fdabe2e6080a46cce,0,0,0,0,0,0,0,0,0
432abc4bb7e9413b738f13e982b11868,1,1,1,1,1,1,1,1,1
edeef50ef0dc1fbbd190a737db0d3937,2,1,1,1,1,1,1,1,1
9e214636c44de44bb1b3c62e5f2af44b,0,0,0,0,0,0,1,0,1
734aa3671b40d98535e383bb9088fb1b,1,2,2,2,1,2,1,1,1
226b94e61f78ecb7be9f4301771ab7c6,0,0,0,0,0,0,0,0,0
93c3ab8d7caab409b1d9a6e97b789703,0,0,0,0,0,0,0,0,0
c04e3f99d8842fed006ee780528e3241,3,3,3,2,3,2,3,3,3
e162a1681d6e6ab5bf85a7eb71ef7f95,0,0,0,0,0,0,0,0,0
76b3c174b4d6c34bf2ce7322d0a5de37,1,1,1,1,1,1,1,1,1
163ee5ba5116b02bb3424105ab4b57e6,0,0,0,0,0,0,0,0,0
db315d2478032abc3fa8faae6361497a,4,4,4,4,5,4,5,4,5
09aa67c5eb010454e88598c6ac50c695,2,2,2,2,2,2,3,2,2
65facde89bdf8b5b52c51fa5668a94cc,1,1,1,1,1,1,1,1,1
9fd437bdbce5a08de94d7b234079fd93,1,2,3,2,2,2,2,1,1
94a84606c04b44e34a2ceeaed0dcbc76,0,0,0,0,0,0,0,0,0
7ee503e117d755f91a4a5f75f643cb23,4,4,4,4,4,4,4,4,4
bdee61aba162525b19958100117243f3,1,1,2,1,1,1,2,1,2
cc09aad9e5b48edafbd9e4775cc58b99,0,0,0,0,0,0,0,0,0
f7fd70526fd4cc36b348e1231cdab33e,2,1,1,0,0,1,1,0,1
a8ddb6294c3f4b9123471e92b3947b20,1,1,1,1,2,1,1,2,1
ba0476c61b241addd5a5b83fc6dd0aa4,4,3,4,4,4,2,4,4,4
8a539748fa4ea8902c3471f43911b7dd,5,4,4,2,3,4,3,2,4
16272df65f00bdc126b5ca32de2b3a6b,4,4,4,3,4,4,5,4,4
44ad3d75a543fb590a02a328811a8d51,5,0,2,0,2,0,1,0,1
dc5d3a5a2d4d114e5e4f3cd07fb55fc1,2,3,3,1,3,2,3,3,3
82dd91dc60d7a36257237f229df31b70,1,1,1,1,1,1,1,1,1
83139cc77b98d060b59a997df7c67c77,2,1,1,1,1,1,4,1,2
5a0249877d1e229d0ef6c02f86cbc98f,2,3,3,3,3,4,4,3,4
bbfc17c7ac58d38b5eaaf72c53ece10d,0,0,0,0,0,0,0,0,0
26cdc0af323b18d54925546b032e442c,1,1,1,1,1,1,1,1,1
764bdd14f26588403269fab48b4c0ad8,1,1,1,1,1,1,1,1,1
9b6513bd810e25a7b7f3bd91b4d16803,1,1,1,1,1,1,1,1,1
1acafac8fcc424cdba4d17f3dd0792ef,1,1,2,2,1,1,2,1,1
0a619ab32b0cd639d989cce1e1e17da0,4,2,1,4,3,2,4,1,4
3a4465af672ccb78b09364132ba9e4d4,2,3,2,2,4,2,3,2,4
682a1fd346b6fff340afbdb80c2f7caf,3,1,1,2,2,1,2,2,2
c5e5d9d8b234a1c1d0503f7598fb5777,0,0,0,0,0,0,0,0,0
b8ec9675d05cc0c83f4b1060d5a71cc5,4,4,4,4,3,4,4,4,4
6071aa8ba6c71f822201674f662a2058,3,3,3,3,3,3,3,4,3
aadc1f380501876a1bbe46d2c617a12a,0,0,0,0,0,0,0,0,0
5a6a02723433df0573332937e04c612e,1,1,1,1,1,1,1,1,1
07c2c3245c3a12051cb517038f946223,1,1,1,1,1,1,1,1,1
0200fa88e8c01546663b9db1726936ac,0,1,1,0,0,0,1,0,0
691a9e62ce9f6633c08462c398f7e140,1,1,1,1,1,1,1,2,2
e4778d4b43e8e8877770edbfb2d4b3c1,5,5,5,5,5,5,5,5,5
ec27b4eb30828414d29c522e2a958756,2,3,3,2,3,4,4,3,3
6994fb3398aba05141d0824ead52e474,1,1,1,1,1,1,1,1,1
84788a5d87253ff74149afcce0a4edb3,3,4,4,3,4,4,5,4,3
0ef695aff0f8378645f8de807856cc0c,0,0,0,0,0,0,0,0,0
c8c898c68a6cbe37412468d561e3a7b4,0,0,0,0,0,0,0,0,0
b8375d0d9e6a0c25de0da5c917e11ad1,2,5,4,5,4,3,5,4,1
710e3f6901a5e7e1c97bcc64bdbfd39d,1,1,1,1,1,1,1,1,1
dbf5dcbbb71de7ae3df96f26193ea142,0,0,0,0,0,0,1,0,1
8f08fea7cd2b67c68a1b388b197b6ff1,1,1,1,1,1,1,1,1,1
d63d91554034819d23760849ff0c22d5,0,0,1,0,1,1,0,0,1
41836cb954c6060c21cebcb9dbfffd47,0,1,4,2,1,2,2,3,3
700e60e9a130333e62698a1c4ef46fa0,0,0,0,0,0,0,0,0,0
cf7bed5666c8638e33d0aa9d39d7a5f7,1,1,1,1,1,1,1,1,1
a45c077803194bf256f58964f457d5cb,3,2,3,3,2,3,3,3,2
1d33889037497d32695ac48a786af6d5,3,3,3,3,3,3,3,3,3
cab3be5d1206bf586249afffb74ab846,1,2,2,2,1,0,3,3,3
2dfdd6b4aad360a5af8a9615b3964b07,0,0,0,0,0,0,0,0,0
25a213edbcc763a0b37c60d060c028a6,2,2,2,2,2,1,1,1,1
5f712fa46f7c0d69e8d9a4b6cd9327bc,2,2,2,2,3,2,2,2,3
07fd80d1fce4d559b61bc7103ca21146,2,2,2,2,2,1,1,2,2
a27a666f057315f08ce43d8da423e8ea,1,1,1,1,1,1,1,1,1
a280d60407c69e37fad4d7290ac948a6,0,0,0,0,0,0,0,0,0
bbab8ff4a3f62c8d5355bb2d5ab8ed51,0,1,0,1,0,3,1,1,0
88ecc79a10ff8a1f201b73b3e82a4648,1,2,1,2,1,2,0,2,1
6bf2342213bed4c588b88c50af3810df,0,0,0,0,0,0,0,0,0
678cd7da1af4a3ce24689c389fb82fd5,4,4,3,4,4,3,3,4,3
4d4ba449d51b491a383e9c80c442cae4,5,4,4,5,4,4,5,4,5
cc10f085bbb94d2cf54436567d7c8aed,4,4,5,5,5,5,5,4,5
d06caef003246b913feba14f74dc9e1a,5,5,5,5,5,5,5,4,5
5a2deec84849fdc2216bab61452451b7,0,0,0,0,0,0,0,0,0
3901caec5d914bf20a44f176469b0294,1,1,1,1,1,1,1,1,1
71a3a451b367b93c6128e26c1516379d,1,1,1,1,1,1,1,1,1
17e370eedaa11c265e5cabb3601a2fd2,1,1,1,1,1,1,1,1,1
ae8eb40dd6bdc9fbd6bb30d0e18828a6,2,1,1,2,2,2,3,1,2
934b5d2a0804ebbf888544b5c8a178f4,5,5,5,5,5,5,5,4,5
94f80c53bdb15bea46fa9ad42bfe7093,0,0,1,1,0,1,0,0,0
87ead124230cbf0aa13bcfb238b7dcb6,3,3,3,3,3,3,3,2,3
124c10bdb11d578dbff37e79de0a7ca2,0,0,0,0,0,0,0,0,0
9817b2ffd97c44aba650bb86f4ab1b27,0,0,2,0,0,0,0,0,0
07e5efeb3064dd07d6392517cd3362aa,1,1,1,1,1,1,0,1,1
e0c98a507ee52f1e87d59390537298db,0,0,0,0,0,0,0,0,0
342b38a965d96d8e8b606ade1094e96e,1,1,2,1,0,1,1,1,2
5aa4b7f84cae372f9ee6d63e32c964db,4,4,4,3,2,4,3,3,3
615b584af86176f21b7a609807c56197,5,5,5,4,5,4,4,4,4
87e53ffce13cd04e1e3fb3c1d15f4961,2,2,2,2,3,2,2,2,2
ff1ca9ec7c9d1694dcacaf5176976967,5,2,5,5,5,2,5,5,4
1c231e0f3f25031a6a0a2261d0f9cbcf,1,1,1,1,1,1,1,1,1
64d89f6270efae268f99717bfbf288e8,0,0,0,0,0,0,0,0,0
be58fcdb43ffb0e4c81bb6f19e0f6f2a,2,2,1,2,2,1,1,2,2
cc2efe261a8e7d6dffbd3aff1f33d439,1,1,1,1,1,1,1,1,1
fb5d4dfd933a1fec3fa1bd05f571a88c,3,3,3,2,3,3,2,3,3
ab1f4d1aa956de906fa909f5fee8fbee,0,0,0,0,0,0,0,0,0
1e150406bd29518c7c0bd1e8efd28705,2,2,2,2,2,2,1,2,2
d2293f17839b0cf5c7a187353826d640,1,1,1,1,1,1,1,1,1
dbca8bffde4985ea10415730e96c086b,1,2,3,1,2,2,2,2,2
cea56801015e8f1ee57c6e13bdb4231b,1,0,1,1,0,0,0,0,0
cb4e0cc18babaee27c613971a3155fb8,1,1,0,0,0,1,1,1,1
afc78daa6ddc6402ae6ecbdba39f427d,2,2,2,1,2,2,2,1,2
2cf0ca3050e57483195091e21cfbbab6,5,5,5,5,5,5,5,4,5
ff6e67a5f0b674097f5142ec24eb8fcb,0,0,0,0,0,0,0,0,0
27e5bb4709a5b4e8dd9f7c7a3f45fa2d,1,1,1,2,2,1,3,1,2
7586acca9d42458aebf5dec54a544792,1,1,0,0,0,0,0,0,0
9bc5cd695f30b6f98e65dc356cf6c656,3,3,3,4,3,2,3,2,3
2a8d5c257563e9fdad0a0ecb62d63a9d,2,3,4,3,3,3,4,3,4
08f12f69f71b3b4c3c45eafbd710b156,2,1,1,1,2,2,1,1,2
39f81a4d7b5b86706391dcc09a4c2e94,2,2,1,1,1,2,1,2,2
f1b81dbf9bf629ed8919916bc5287786,4,4,4,3,4,4,3,4,3
7c9f666901629ca31c8dad289aa18211,4,4,3,3,4,4,3,3,3
fa6a64b3a0c696072eb77fc03e2858df,0,0,0,0,0,0,0,0,0
53ea5387fb7a5ed7ba9252123ed8e122,3,3,3,3,2,3,3,2,2
14820c513b48eaf1025e6d876ea87d52,0,0,0,0,0,0,0,0,0
659605aeb955654bfd576bea20447b06,1,1,1,1,1,1,1,1,1
09a9f7497e6ba14eb0a12388ca17540d,3,3,3,2,3,2,3,4,3
083bbffb698cdc7ab5402052b5b3dfce,2,3,3,3,5,3,4,3,3
cc43f8965a64a1f22b3162b91e7a1bcf,5,5,5,5,5,5,5,5,5
58068fcdb3562d6c87a5984660f7c81b,4,4,4,4,4,4,4,4,4
a038e9e20eea794b83a8b68c128b77fd,2,3,2,2,2,3,3,2,2
e1b8d76e1ff3bb07fd92b1512e8c4ce5,1,1,0,1,1,1,3,0,0
436fff2e0e75ea2ef844b57d88d3c212,5,5,5,5,5,5,5,4,5
091b756470ae8748ad9384fb9eb73574,3,3,4,3,3,3,3,2,3
d8e6c24dadbb377b6934a21ba7ce02c4,1,1,1,1,1,1,1,1,1
f4a6b5ec0ef8bac031272e4ab61fd926,0,0,0,0,0,1,0,0,0
489959a384e66a9431292b744f47f295,1,2,1,1,1,1,0,1,1
c797b20d6e8a04a4e33a55a8f980a9c7,1,1,1,2,2,2,1,2,2
5f4b172026d631582bbd8c8d0081a226,1,1,1,1,1,1,1,1,1
d592f94339f67b9453dca75b5826f367,4,4,5,5,5,5,5,4,5
265e7f265773d27e1770a3cd3ce05677,0,0,0,0,0,0,0,0,0
4d24fcac403f5bea73a53bc6289d9044,2,2,2,2,1,1,3,2,1
2f5c2f001402c02682217050f718d375,0,0,0,0,0,0,0,0,0
d4dcb1cd15053d17de19d2d63ddcb173,4,2,1,1,2,2,1,2,2
cd636fee80a3058dcd3f5428d997a153,0,0,0,0,0,0,0,0,0
372ea2dd928988579a7c716c1c36a9bd,1,1,1,1,1,1,1,1,1
16a9e8227156e2d8598cd22e633610be,1,1,1,1,1,1,1,1,2
f02b9020d7bc40972be3d30d13b745c4,4,2,2,1,1,1,0,2,2
73b8d27f3bcfafdd94ca47c2dd9e13ce,1,1,1,1,1,1,1,1,1
be58ae01e2b2ddc28eb6673aa7e47819,0,0,0,0,0,0,0,0,0
c7013ba37688f54052b39d045dc07e2e,1,1,1,1,1,1,1,1,1
3531763820dc825219b9d6283721a959,0,0,0,0,0,1,0,0,0
77c6467a0d8f88ea46a6544c06b092b1,2,2,2,2,2,2,3,2,3
abc48431c594fdbb2441e59e9572bee6,4,3,5,4,4,4,5,5,5
d24132a1799988d8e8580e46d2123897,1,1,1,2,1,1,1,1,1
bc6573ad91d8e29926a09ffdd0a14be5,4,4,4,4,4,4,5,5,5
25e85593a9a51bbe10d9a2821cb096d9,5,4,3,5,5,5,5,5,5
29cf9fd036abf9bb241580d247b39b1b,1,1,1,1,2,1,3,1,1
a6c30b9c00539ff6e70c8fc774232c61,0,0,1,0,1,0,1,1,1
33cfff7a487aad24b8501f93ba8831d9,1,1,1,1,1,1,1,1,1
13813facc985c2ea007fdf764ef98a5a,1,1,1,1,0,1,1,4,3
db0e00329b9050f7f855d64a882265d3,4,5,5,5,5,4,5,4,5
65bcc0e4ef30b49600530a2c5c5e8d14,1,1,2,1,1,1,1,2,1
79c4f98b053a943b41bdc8d47ead9013,4,3,3,3,4,4,4,3,4
196f3b66be713d67db88cd412ed8768d,1,0,0,0,0,1,0,1,0
cfaf6eefcebb7e6dd2cf0f031b1bd8c1,2,0,2,2,1,1,1,2,2
761c220aa5e231d8b570d0a7d10f2517,0,0,0,0,0,0,0,0,0
d8442dd9a38b2f244a020c1b39107751,5,4,4,5,5,4,5,4,5
62a348a227dfe4006295ea31ce48c4b3,1,1,1,1,1,1,1,1,2
4c2b7a2554d56944bbd074abfd206134,2,2,1,2,2,2,2,2,2
68f5d0cf51594a0eea7f8d19447d4d61,2,2,2,1,2,2,1,2,1
84ddef23ac361e8977e4673ac116b6dd,0,0,0,0,0,0,0,1,0
bc6e1ebec08a9503689da9a095690dfe,1,1,1,1,1,1,1,2,1
9064f0eb9ef8bbb376649033116fc380,1,1,1,1,1,1,1,1,1
f13cd8ec6e6fde523a0a065b62086d3c,2,2,2,2,2,1,2,2,2
fe8b4d94ce299ed485c900f05ae508d3,1,1,1,1,1,1,1,1,1
a0df9f687c355120bbaecf0b38d21181,0,0,0,0,0,0,0,0,0
f33ee63b980e520ee01b85dc9edb8fa4,0,1,0,0,1,1,0,0,0
49f730814453082b10d8fc713bd511ee,0,0,1,0,0,3,0,0,0
dc7254ab21584e852fe556646c86d6f4,1,1,0,1,3,1,0,0,0
5c320b977726d35f7b2237258bb90595,4,4,5,4,3,4,4,4,3
164b35a1b6e77358640cd0d8554e396c,0,0,0,0,0,0,0,0,0
e463d4ac988daa096b86a768cc32c745,0,0,0,0,0,0,0,0,0
66f5cc9041b6485114cf9555c31e908d,0,0,0,0,0,0,0,0,0
bb38663adedc6162aae373320b17cb91,0,0,2,0,0,0,0,2,0
d313b85c97ec5f0a01d507f162665986,5,5,5,5,5,5,5,4,5
9aa99fdb2c7e1853041be93f9c36bbab,1,1,1,1,1,1,2,1,2
c269146f9e358cbebee9df7e23ee1239,0,0,0,0,0,0,0,0,0
9fbfd81ca751d31d6d3e776b1deb4fdf,0,0,1,0,0,0,0,0,1
3bb7fa03be7da5a086cf9a234cd3a025,4,4,3,4,4,4,5,4,4
cb7b640bd2d43968c3bddbfaa66eb4b7,2,2,2,2,2,2,1,1,2
a297718b506a50b158f9ef2f2bce9e58,0,0,0,0,0,0,0,0,0
901d2acd51382d7568fd83389f704888,5,4,5,5,5,5,5,4,5
b7540ad7f233e9c19a6cb083945072fd,0,0,0,0,0,0,0,0,0
a00844370a83e216bd79a161d794c423,1,1,1,0,1,1,1,1,0
d76be95baca47c31d827d59abbe132b6,0,0,0,0,0,0,0,0,0
eef409493827bfb3b3d0e74e156923d4,0,0,0,0,0,0,0,0,0
6b356b6a114a7663f2dbe960f217601c,4,4,4,5,3,5,4,4,5
27e9213748b0ca86fc5c49d1279102ee,2,3,2,2,2,2,2,1,2
803fade140992ca225f034458f38f1ad,1,1,1,1,1,1,1,1,1
0416b90e91acd8f71831c1723df3feb5,1,1,1,1,1,1,2,1,1
a84ffde8b4b1988a6ad9091d687f32bb,1,1,2,2,1,1,2,1,1
199cac82a1dd58d80c3f29213f2de1cc,0,0,0,1,0,0,0,1,0
400be2106c2e1d3b4a505b075f9c3943,1,1,1,1,1,1,1,1,1
b083e93e44742431259b7bf6f4df2000,0,0,1,0,0,0,0,0,0
f7090307815e24ae36ef9c66d063015b,1,2,1,1,1,1,1,1,2
44299aba6cb876f916033c3fbba60ea2,1,1,1,1,1,1,1,1,1
59df439b2cd91c2cd68f3a0917ab470d,4,3,3,3,3,3,3,4,3
5b8542dc1477f67d3d1c5984b83c14b7,5,5,5,5,5,5,5,4,5
44763cd60166db3c15077ca5ac0d1a28,0,0,0,0,0,0,0,0,0
cda73f7fd7553122c26a755fa35b63b6,0,0,0,0,0,0,0,0,0
840285977e44c0eb0fee56caab3da73c,0,0,1,1,1,1,1,1,1
7756a308dbba65d82a3cf91700b02f09,1,1,1,1,1,1,1,1,1
5aeb565364a376a498fbcb54f6b5dd6f,1,2,0,1,0,1,1,0,1
c233968ed8653578230b2556054cd675,0,0,0,0,0,0,0,0,0
c23c7dc1f98cf30339ed926849413355,3,4,4,5,5,4,5,4,5
53416873e47e7e576ec17bdfa919b405,4,5,4,5,5,5,5,4,5
9b3a864a74ef57cc85f9b7fdbfc8ca45,1,0,1,0,0,1,1,1,0
2c24476310b2a011fb8bca443400c361,2,2,2,2,2,2,3,2,2
7d7bc454fd3133539074f065037ef04d,0,0,0,0,0,0,0,0,0
3f92431272720b409a74cec554e2573f,3,3,3,3,3,2,3,3,3
37b66efe115f778ffd604c60995ec946,2,2,2,2,2,2,3,3,3
cdcf73225944d4e87e64f178371d897b,2,2,2,2,2,2,2,2,2
6e8abccc98b71d43a680d69b3f9af124,3,4,3,3,5,3,5,4,3
6a363e70baf98838b0093f9ae93052fd,4,4,4,4,4,4,5,2,4
08e90c44bcfe29aa64beff429f94e291,1,1,0,1,0,1,2,2,1
60d21b09253d29039ad12e751e6f2f5a,2,2,1,2,2,1,2,2,2
f3f3bf544a7f055fd753352e25ebc8c6,5,5,5,5,5,5,5,4,5
d8b8316a7e615a79e9d725e9f235918f,4,4,4,4,4,4,4,4,4
2edf6cc7696c91d86eb86413fa9c82d7,5,5,4,5,4,4,5,4,5
dd036a4ae490d912713ea354b58d8eb9,3,3,3,3,3,4,4,4,3
1eb9fce2fa50f42d94899fd7fd83326a,3,4,4,4,4,4,5,4,4
477aa0ab713992935286655f2798c8c5,4,4,3,3,4,4,5,3,4
6ccd71f80656fd3329eb9547d783fb8f,1,1,1,1,0,1,1,1,0
344cc56a75aa993d5b20be3f31210879,0,0,0,0,0,0,0,0,0
2009aa01bb165a3c8a6b3d5a633ca9ce,3,5,5,5,4,5,5,5,5
0c782b90b01085cd1c390076363c6fe6,0,0,1,0,0,0,0,0,0
f5096797acc9f645ea8674d77ca2418b,1,1,2,1,3,2,4,3,3
7626a74f93075073e51994c4f3c5f2a5,0,0,0,0,0,0,0,0,0
c54f0e85e9e4d397843314eed507d06f,1,1,1,1,1,1,1,1,1
d707d86264e14f3d3f5bac156693e8f9,5,5,5,5,5,5,5,5,5
df1d15665468688154a86a6b45b7fd71,0,0,0,0,1,1,0,0,1
862f8e7fbc9b0d2eae3bb8d12f36af51,1,1,1,1,1,1,1,1,2
d2c09b4b3af157777fd5f22d8a37dd56,0,0,0,0,0,0,0,1,0
e465f9a9968e474dedf75ee3110b68ce,4,4,4,4,4,4,4,4,4
78a2c729590d6919ab84be24e27c94a1,0,0,0,0,0,0,0,0,0
eb2f1b1d27fbae69c7467a6bfd0ef5a8,4,0,1,0,0,0,0,0,0
d38a9db63e100d405ddb1a932b53d92f,1,1,1,1,1,2,3,1,2
0e65f90aa2b3fd3e49982839aa381583,0,1,4,1,2,0,0,0,0
ea69da9e735f38910b59e3f303d17892,1,1,1,0,0,1,1,1,1
60a15dda8570e347a3529a062fb1d5c9,0,0,0,0,1,2,0,0,0
b0b0bb292409f1613351c5a4c2f6a25a,4,1,1,1,1,3,2,1,2
8ed8da75b8a46d9e025378993e4dc41e,3,3,3,3,3,3,3,3,3
1e6f80037841250f61245102cb51baba,0,0,0,0,0,0,0,0,0
efe3e59db69aff7eaab601851bfe16c4,3,1,2,2,1,2,2,2,2
bc4c68be7d2fdedabd4db8b0fd6f443d,1,1,1,1,1,1,0,1,1
008308f099f0c565fbc024ece6b8b08c,1,1,1,1,1,1,1,1,1
50203fbd5de280144cbb16749814a3fe,2,0,0,0,0,0,0,0,0
86ddea3d6e787b11f84309d8f1b69685,0,0,0,0,0,0,0,0,0
36909d9bacf3828022000e94bc4d02c5,1,1,1,1,1,1,1,1,1
1d05f36a330dd277b194f98a84a08ee8,0,0,0,1,1,1,3,1,2
22ed80ee33043b4289b64b40b1032368,1,1,1,1,1,1,3,1,1
9526ed25cd1ac4113139593575131cd1,1,1,1,1,1,1,1,1,1
78fa6eadfc403f3440ef91db24d387b6,4,3,3,4,3,4,2,3,3
334bfff5b9f41e36cbc1869ea86aad38,0,0,0,0,0,0,0,0,0
7e76962df73b38e2940440f4ee732725,0,0,0,0,0,0,0,0,0
9ab4806f720670ade4e94f6085f36e9c,2,1,1,1,1,1,1,1,1
6bcd9a5f97d5c1c8582b28a23228065a,0,0,0,0,0,0,0,0,0
383832c3a141f0c57b3bdef29a9b2b76,5,5,5,5,5,5,5,5,5
c844f963f3833341b444019797bca24e,5,5,5,5,5,5,5,5,5
ba63dbc59e855af29d4ebab53063d296,5,5,5,5,5,5,5,5,5
fe5d75959ab6290565b739951f2b8e1b,1,1,1,1,1,2,0,1,1
d12d9f200e1746eddbbe430243a46cb3,4,5,3,5,3,3,3,3,3
208025030fedd3a2e858890eff150f36,2,2,2,2,2,2,3,2,2
e97f116751795bc832eeefae3227ba0b,2,5,3,3,5,3,5,4,3
34bf9dcd2f03642e6d42163091900112,5,4,4,4,4,5,4,4,5
2c2ea50438dabda801440d9ee961a13f,4,4,5,5,4,4,5,4,4
df83132f9e6a7c8337e6cd91270f8f7d,0,0,0,0,0,0,0,0,0
5edc82d679cc29b4d7720bdc45c1ad45,0,0,0,0,0,0,0,0,0
7dcb52d4a04fcb59f5596ca381ffad29,2,3,2,2,2,2,3,3,2
277e42bee7396d25cb4e9e2286e9f245,2,1,1,1,1,2,2,1,1
5490b5eb4e0cba88967869aad6e4e2b8,0,0,0,0,0,0,0,0,0
c794f26c98b4d7c37133809c2d3f8aa1,5,4,5,5,5,5,5,4,5
c457fa90e865cfd7d755308718d1f6c6,1,1,1,1,1,1,1,1,1
c317108618dad132b7c52462a26d41ef,0,0,0,0,0,0,0,0,0
ae1c6bd846449adbde74b0cba5cb7a19,1,1,1,1,2,1,1,1,1
f38dbf8baa31d34599b8673cb0303405,1,2,1,1,1,1,1,1,1
16a7fa5280ee932e6410f1ec3ef39a39,3,3,3,3,3,3,4,3,3
a6f90c6723707e9f7a40d1339bfbf0dc,0,0,0,0,1,0,0,0,0
48df3ca910d365bdea427ed5b7c31808,4,4,4,5,5,4,5,4,5
798bad8db4b90b6a0c012465a8fbc344,4,4,3,3,3,3,2,2,2
38da5a625694c55fccb0c6daeb2fdd58,5,5,5,5,5,5,5,5,5
b9d31c46fe8b9de6955f6fa1eddc41e9,0,0,0,0,1,0,1,0,0
5a1e02d983668583f95b2220fc7dc71d,2,2,1,2,1,1,1,1,1
25f05be992338d0229bf3a5cd110143c,1,1,0,0,1,0,0,0,0
067bc8b33f5a6415e4f4ef61bef2bcd5,0,2,0,0,0,0,2,0,0
13f815f5a33a985e3c9a9f2b2e347e5b,1,4,4,3,4,2,3,5,2
dc10032bf598b0a3268074de4bb2d7b6,4,4,4,4,5,4,4,4,4
45de9b11fe9e7be0cfa1501034111d11,1,1,0,4,1,1,3,0,0
883da8599360fdc5f7ce01ec771b2e65,2,2,4,2,3,3,3,2,3
c0e652d920384bc328d1e1283178b566,1,2,1,1,1,1,1,1,1
c49f20b19b76949ba8e8a68fc6a97833,2,0,1,1,1,2,1,1,2
e7638f9443ea67c64e7befcfb52d35f2,1,1,1,1,1,1,1,1,1
96b25c6d10a1c6c3814433b014afae0f,5,5,5,5,5,5,5,5,5
b578ce675d9949d4d8b361150617024b,2,0,0,0,0,0,0,0,1
6f8a4164d3e4d3d168d51cc090ee7723,0,0,0,0,0,0,0,0,0
95a85a81c83b5998c80585869737df0b,4,4,4,5,4,5,4,4,3
69170d42ade5329fe02df566a7447a99,4,4,4,4,4,4,4,4,3
af2abfe213d2236fbd6e51029a899eb0,1,1,1,1,1,1,1,1,1
e948b70d1e102a039a6b93a4be16b323,0,0,0,0,0,0,0,0,0
b4ea5ca894812aa2b51b8b17efe9da3f,1,1,1,1,1,1,1,2,1
15a9c0953b407dec51daa965eb0a1db1,0,0,0,0,0,0,0,0,0
1b79e625b909d41c61c81bce580b1c97,3,2,2,2,2,1,1,1,1
14dfad45a9eb1e87d8828514d293a558,0,0,0,0,0,0,0,0,0
9f63a48ff9b5d0014f8685e43ad28d80,5,3,3,2,3,4,3,3,3
fb43ecf486bd7ba5e818be2e68f36a4a,0,0,0,0,0,0,0,0,1
ec0cc0db2e434f2a0bab41cb95d62a4a,0,0,0,0,0,0,0,0,0
a9c926cdab10bc7306c7dbfa787efb54,1,1,1,1,1,1,1,1,1
375771fed439d26b5374aae3f6b1d653,5,4,5,5,5,5,5,4,4
d2eee81a3492a7577e45e6784e450de9,1,1,1,1,1,1,1,1,1
321320123f2c3f9cf54d408e903abdf9,3,3,4,4,4,4,5,4,4
04fb016f937abee73415638884ec0367,2,1,1,1,1,1,1,1,1
4f3009804e0c17dc7431a57a0d2e544e,1,1,1,1,1,1,1,1,1
5e063bb2352ec2d6dfefa038d9bcb70d,1,1,1,1,2,2,3,2,2
c97c6e31c6bc1b75d455b89ef4f11686,2,1,2,0,2,2,0,0,2
134160267beeb22f782f92b728cc5abd,1,1,1,1,1,1,1,1,1
973e60e06a743e34fdac3675a6c72e86,0,0,0,0,0,0,0,0,0
1eee3477eafb3accebe157a47112e8f1,4,4,4,4,4,4,4,4,4
ffe06afd66a93258f8fabdef6044e181,0,0,0,0,1,0,0,0,0
63e3797b14a1c9dbedcaa4c5be4b9924,3,3,3,3,5,4,3,4,4
62128872685beec5aaf0bd18a3cceb0b,0,0,0,0,0,0,0,0,0
63af8bc50ca5f1f8b8aca0a46a7fc428,5,5,5,4,5,5,4,4,5
c2b4cc586b3984b248e7d095d4c0bd03,5,5,5,5,5,5,5,5,5
f1079a2a43462e7cbaa60faec097b2f6,1,1,1,2,2,1,1,2,1
eca419aaa2639a18266ca5458495a594,1,1,1,1,1,1,1,1,1
32ff402bc897175da9f8cef21d98e3f7,5,5,5,5,5,5,4,4,5
eb0ebb9ecbe996fe6acd1b011e137bdd,0,0,0,0,0,0,0,0,0
0b1d4a81985789feff2fd66bb2d5b760,1,1,1,1,2,1,1,1,1
4f6efdeddfa91dd6b14fd63b1949f0b9,0,0,0,0,0,0,0,0,0
9cf389313859e869bbf864ae518e5e8d,2,2,3,3,2,2,2,2,2
7daab1271531f4451d96a6d60f05cffa,0,0,0,0,0,0,1,0,0
072c26f55ed2317ff8d27d8500483121,2,1,1,1,1,1,2,1,1
a2c07e3585c5b8788b71534866e4be73,0,0,0,1,0,0,0,0,0
42c97dfa8a8d7ab5ee5ddcc6a5c968da,4,3,3,4,3,3,3,3,3
fec79645cf3b92343f453b945916af29,1,1,1,1,1,1,1,1,2
a1f79e44db2ca88a3c1b330af1343d61,3,3,3,3,3,4,3,4,3
b0404032716fda7bf95526f298822900,0,1,0,1,0,1,1,1,3
1439d6813f1dd6acc639c12ea388c990,1,3,3,3,3,3,3,3,3
29a1168a223e589bb808ac09c36c1d56,0,0,0,0,0,0,0,0,0
ae9c53b32653368de19c3433eb91b6d9,0,0,1,2,0,1,1,1,0
31bebafb463103bcfb0d5be7141720b0,1,1,1,1,1,1,1,1,1
c6d58607cc6aeb36e4c1d65fed824e84,1,1,1,1,1,1,1,1,1
888f79c029f30ea78bc955396a17b233,0,0,0,1,0,1,1,1,1
bf7e9ce61ffe58f2276a4689d00eddf1,0,0,0,0,0,0,0,0,0
c4aa6b337bd9348d6e5eb7e35418e491,1,1,1,1,1,1,1,1,1
a8d65bc90e175baee47ae5b445ba2476,4,4,4,4,4,4,4,3,4
f1a65bcc3e01e8de90ea405984c61c4e,5,5,5,5,5,5,5,5,5
e04ea71e821b0dffc431297b25b359de,3,3,3,3,3,3,3,3,3
24018895d65de3eab9c2f29b071bf2e8,2,2,2,2,2,2,1,2,2
7b4a519e6af8924b417bf72294067964,0,0,0,0,0,0,0,0,0
d54603c7b6fda2615c5576d137c750c4,2,2,2,1,1,2,2,2,1
df2db313fed88b1a26bcdd961bf36ff9,2,2,2,2,2,1,2,2,2
a162da97dba7c4e154e8d51bd5a4db0c,4,5,4,5,5,5,4,4,3
3f42a18d856e04de46dec49a7adb376a,1,1,1,1,1,1,0,1,1
7fa9e5162e347814fdf3596f3ebcedd8,0,0,0,0,0,0,0,0,0
961cf0025e9a8dc8906090034158dd18,4,4,4,4,4,4,5,4,4
e0f850185533c61897ea1e2975b45f4a,1,1,1,1,1,1,1,1,1
c8b125a6ec7dae848e5a0617cbb395f7,1,1,1,1,1,1,1,1,0
934c0766674a11be1e32de11110ebb0e,3,4,4,4,4,4,5,4,3
d8dc5358795768819f229a681d2dc483,1,1,1,1,1,1,1,1,1
7f8cb9cdc9c8f069cec25c44ab4210de,0,1,0,0,0,0,0,0,0
be9a14433ee7b842c1be4ba2eb5a19a7,5,5,5,5,5,5,5,4,5
96415990a25ee1d758a8bc7ae97d593f,0,0,0,0,0,0,0,2,1
cb0a506d82d41888c1e0b1d54649a53c,2,1,2,2,2,2,3,2,1
8175be020f3cf362e1cf5b797bd7a429,2,2,1,1,1,1,2,1,1
2285fafb1f76a5c4fc268b08c7e8ff9b,2,2,1,1,1,2,1,1,1
8b301972309a5509bbb5946b9f133e37,2,2,1,3,3,3,3,3,3
32751c898368ef065ae6b907d1743846,1,0,1,1,0,0,0,1,0
446c3b4a2ef50d763c8f2f0546bac208,1,1,1,2,1,2,0,1,0
bf8c6975590c3aae1b61720457cfbfb2,3,3,3,3,1,2,1,1,1
e80386a9191e95c3547600d94dd3e3db,4,4,5,5,5,5,5,5,5
9a6168de2cb3b67a0473fa5a5f0d9115,0,0,0,0,0,0,0,0,0
bb67cee6297c4c76b83fff361350bc23,0,0,0,0,0,0,0,0,0
2929fb804a8ce7c6e2210e0e5710c243,1,1,1,1,1,1,1,1,1
18566c8e26d5b14f599fc92acec008e0,4,0,0,0,0,0,0,1,0
abb4ad0009ce57bca8d400acff5d34a8,5,5,5,5,5,5,5,4,5
3a84282b7ee9d38fb202f4ffd2144c91,2,1,1,1,1,1,1,1,1
eda25d74c2ca92594de5aab4cc100f5c,1,0,0,1,1,1,0,0,0
a8361109aecfa0496bd7ffe3d2520f70,1,1,1,2,2,1,2,2,2
4fcadcef9e166eca9ec5652633434ed4,0,0,0,0,1,0,0,0,0
9fa42d765e1d7d376d4fddc4c590ab37,5,4,5,5,5,5,5,4,5
799cb4b13d53dcd60058a4dd35a933e6,3,4,3,3,4,3,3,3,3
8116486972d43f65f6d2c91f0312c243,0,0,0,0,0,0,0,0,0
dd0790e07f87653482414f27785c593d,0,0,0,0,0,0,0,0,0
5de86ab9d9c631edb965696097e8dc92,2,2,2,2,2,3,3,3,3
4ac15366627e6d5d7aa11bf44511682e,1,2,1,1,1,2,1,1,1
6303244b26eef8e081298bfeac827403,1,1,3,2,3,2,4,5,0
3c6610ef769e5c09d9e7b9d2c2fddb40,4,4,4,4,3,4,4,4,3
d20a7257f89745f389a6dc98b6b4df7a,4,4,4,4,4,4,4,4,4
a94d63bd5c038c48f6a280233c3c7dd5,3,3,3,3,5,3,5,4,5
52385ac03a42f5ba4629f4c486abe591,0,0,0,0,0,0,0,0,0
5a19b7514d9adb447ed6aa694811f1eb,0,0,0,0,0,0,0,0,0
3516d06f3dcb2e9959661efb48cf081d,1,1,1,1,1,1,3,1,2
0eb245bb330a149e1d1e821f37dd1b65,5,3,3,5,2,2,2,3,5
484c5b152bebfeb14de40f5d816237e4,4,4,4,4,4,5,4,4,4
1a1229aa03a98248db658d6c2ae18478,1,2,2,1,1,2,3,2,1
2eb5bcf03e017074aeab169637feb019,5,3,4,3,3,3,3,2,4
9516b3bb0d6eded8a3095266dc373ad1,1,1,1,1,1,1,1,1,1
47d449fb0df8f85e9c7b2b31fe07b485,4,3,3,3,2,3,3,3,2
6437f1be7543631458919813cc6ba8cf,1,2,2,3,2,2,3,2,2
5a8ea27b08b81d698970b6eb520a05dc,5,5,5,5,3,5,4,5,5
3e508c22af058baeb48beebd9b03be01,0,0,0,0,0,0,0,0,0
39aa993dd0320beff42381bc9b6b498a,5,4,5,4,5,5,5,5,5
3cc67455d9062474ce93c37a0be18240,0,0,0,0,0,0,2,5,0
ab4a7247e87d9cd8b7106a64b3dda927,5,5,5,5,5,5,5,5,5
0ebea13245a2b04ca3e6a482091e35d6,2,2,2,2,2,2,1,5,0
fab7172275db33a4e186e6deeb435a7b,5,0,0,0,0,0,0,0,0
ba688af0eaf8cb53ccca7ee628a4691a,0,0,1,0,1,1,0,0,0
e73c4364239a175096d9538cd0aae117,4,4,4,4,4,4,5,4,4
5fd15e6c0ff22e1265b2557eb6c29559,1,1,1,1,1,1,1,1,1
55d91c32710982de78a975ed0f45395c,1,4,3,1,2,3,1,2,3
af4e9bbfb08853b7b2813331fbe5b877,1,1,1,1,1,1,1,1,1
758abc79f666a398d3d3bde30eb9db2e,3,2,4,4,3,3,3,4,3
fd5de97edf20d6f2d0ea1daeea8315e1,1,1,1,1,1,1,1,1,1
2b03baa16076f3848892001f9f5d392a,0,1,0,0,0,0,0,1,0
ae4ad154b75bebccec42417cb00bb08a,2,1,2,1,2,2,1,1,2
26885e1727dfa63fd2c06db5a164be0b,1,2,1,2,2,2,2,1,2
5a559062e13cda0bf20a0cb475a11daf,0,0,0,0,0,0,0,0,0
69ed9b36a92904dcee7b78c338e5f4f4,1,1,1,1,2,2,1,1,1
c35748a22f311db6af79236075dfdb30,2,2,2,4,2,3,2,2,1
5793129d5309364fe1d706764c78cf3e,0,0,0,0,0,1,0,0,0
66617150a489dc0628762098b0fd8e99,2,3,3,2,3,3,2,3,3
9657fb90657d1914ee938c71b51b5fa3,1,1,1,1,1,1,1,1,1
48ae1bdf69446ba5fb0b7fe8fc2863c5,5,4,5,5,4,2,0,4,3
cdffccb112b4bc1ccd2dcc1cc3e948cd,5,5,5,5,5,5,5,5,5
aa01c9186774a385e42095c28d3f12bd,0,0,0,0,0,0,0,0,0
37d3511b61cfe994b82147b5d4b09ae4,0,0,0,0,0,0,0,0,0
a4d8550e3c9eeb147f16812c33fe594e,4,4,5,4,3,4,4,4,3
276ed80762773462f05abc10da5228c8,2,1,2,4,2,1,1,1,1
fa8e46763423d4ffd6830c67df94a9da,3,2,1,1,2,3,1,1,2
cdd5b7d07b98f61d3668207531b4de07,1,2,2,1,2,2,1,1,2
88591e92de81634c6b9870259b25d59c,0,0,0,0,0,0,0,2,0
6966c2b9fa1ae59141ab221b32d878cf,3,3,3,3,3,3,3,4,4
69d6fdc8e8bed1323f7dd9055aeb0e6b,0,0,1,0,0,0,0,0,0
57725223a6509d9038d62a49cca3588b,1,1,1,1,1,1,1,1,1
a2eb130a296ca0ff83e1b530108dac25,0,0,0,0,0,0,0,0,0
cabfce354dfee1e33454eac72a312677,1,1,1,0,0,0,0,0,2
7234d2bf2df91f65e94e9ecc4ec5827d,3,0,0,1,0,0,0,0,0
8245e742febd6314e31245fb410ac00c,5,4,3,4,3,2,3,3,4
e35d234136ec9134b502de099a7a512f,4,3,4,4,5,4,4,3,3
ee9791a15a2cc8e34ee8fc52dcb4ddb5,1,2,1,1,1,1,2,2,1
890b1b3fc51fa2caf03d7bef25a31336,3,3,2,2,2,2,2,2,2
ebb6a080d72e09f6481721ef9f88c472,2,3,3,3,3,3,4,3,3
e187fc91f755db1d0885f19a0b333523,1,0,0,1,0,1,1,1,1
afd477abb13dea3e8d517efcb19233c2,0,0,0,0,0,0,0,0,0
d644b494434ee6fd201b8a0f740054b6,1,1,1,1,1,1,1,1,1
01fe87e27518936463e751691db8f730,0,0,0,0,0,0,0,0,0
010dea54bfd0a4a1eb1c0719949bb4a4,5,5,5,5,5,5,5,5,5
343071a8c11157ff068bfcdbc0f76ca9,0,0,1,0,0,0,0,0,0
58db174da2288d958afcc0abf5c6a427,0,0,0,1,0,0,0,0,0
02a7b258e875cf073e2421d67ff824cd,3,3,3,3,5,3,3,3,3
9ecba0a5f5caa828df43867455405dd7,3,3,3,4,3,4,3,3,3
ce5e7a97342ec550c5e0d6212ce3c374,1,1,1,1,1,1,2,1,1
a3bf6f7cc8d798b1a4516f91837e4cdd,4,4,4,4,4,4,5,4,4
fad1b577d2eb44cd0d686af308422638,1,1,1,1,1,1,1,1,1
ef928aed9549e5dea8d67c57fb79e45f,0,0,0,0,0,0,0,0,0
3f47454ead9fcb0cdca1638d557a0954,1,1,1,1,1,1,1,1,1
bcf3848a8a21197cad6bb589b23b777c,1,2,2,2,1,1,2,1,1
1307e25950ec553c3d02121252e6a80f,2,2,3,1,2,1,2,2,2
49f832fb327a3f88db9c324ca8b1c6ad,1,1,1,1,1,1,1,1,1
80628cfdceb87d93ff1bc91e23fb5c92,4,3,3,4,3,4,4,4,3
4a59e501ec4f31216f6d08e5d4289beb,2,2,2,2,2,3,2,2,2
8f1bb0798e87ca88ea912d942b0b32f8,0,0,0,0,0,0,0,0,0
9134dd5f06ffc27faa20cff04ca04ce3,4,4,4,4,4,4,4,4,3
37ffc81d6b4fddaae6b0482ef956dd63,3,2,3,3,2,3,2,2,3
8a2e377920bb4f87e746d837d6ff0f40,0,0,1,0,1,0,0,0,1
6751cb7d31cd06d4f9ac9ff32a8e60b1,1,1,1,1,1,1,1,1,1
0e212c3ff7bf9120a46c2f56b67f7f20,0,0,0,0,0,0,0,0,0
09a6f9c1f4102521c8bd55871eb857f6,0,0,0,1,0,1,0,0,0
1e1862f8927813cacf7391cc55848ba4,5,0,0,0,1,0,0,0,0
c16546e5849d9f71c87530af65cbc522,1,1,1,2,1,1,1,1,1
189088d279c4cc2ab0239a9801867290,5,5,5,5,5,5,5,4,5
4a17b334e64ab52c7861d0b251b4fa34,5,5,5,5,5,5,5,4,4
933e0a326144bffd98a22ef54fa1466a,5,3,3,3,4,4,3,4,4
2efc345029c31b8c52f224ced1029ff8,2,2,1,2,1,1,1,1,1
f47ce13f49f1d36c3c2fe6be7d6fae4f,5,5,5,5,5,5,5,5,5
c099248208c9675f3d49f647a4d648e3,3,2,3,3,4,4,4,2,3
bde972923c4b9cee7d3e2a0661f21583,1,1,2,1,1,1,2,1,2
f671b51a5aae50ac44610a380de4fdb7,5,5,4,5,5,4,4,4,5
6c3599d5faf73b34fe8d64fac9368483,5,4,4,3,4,5,5,4,5
e528d21e5e6c87a9a1579214f6ec345d,2,2,3,2,2,2,3,3,1
6437c1f6a475089d659e71ddd7edb010,0,0,0,0,0,0,0,0,0
a8f2080a44dfee4946ac69a53e8ed0b1,0,0,0,0,0,0,0,0,0
871f73f44e29b8f3da8048aaf387a673,1,1,1,1,1,1,1,1,1
481683ac49436653f9185487ada8d978,2,2,1,2,2,2,1,1,2
d5c07be135c27ed55327536e81fbb1bc,5,4,5,4,5,5,5,4,5
c64dd4f75e74ee4c23f27a8d99a3ed19,3,3,3,3,4,3,3,2,3
e73b08596d7a8aabfdddbddb4b8996eb,1,3,3,3,3,3,3,3,3
52e4b8211dbecc7176734c51734f9988,3,2,3,2,3,2,2,3,2
a09c9526e3316571648552d78ac37c2d,5,5,5,5,5,5,5,5,5
a3a06e2c06260de535916eaaa629c466,4,5,5,5,4,5,4,4,4
f178a31a7867a26c9e4ec2e6efa32f1d,0,0,1,0,0,0,0,0,1
245f3500e86798b42b985e4322fa219f,1,0,0,0,0,0,0,0,0
a37b456a2bc920630c60c2ff0c7d6325,2,1,1,1,1,2,1,1,1
3a08f79c589a9e1d00a258e86a1331ce,4,4,4,4,4,4,5,4,4
d1088ba933bd7066a3a777f542f61fa6,1,1,1,1,1,1,1,1,1
08feee903e2c1828e1ba8599941f4f63,1,1,0,0,0,1,0,1,0
28ca3539cc4b25b0a3d571c1fe108aba,4,3,4,4,3,5,5,4,5
1d9cff5178c2b9d864a628c04773a70c,1,1,1,2,1,1,2,2,2
feb0f0ab5eb812769d3a069b7be9dcf4,5,5,4,5,5,5,5,5,5
6410f699e086d1ca5d6ed48d16991112,0,0,0,0,0,0,0,0,0
eab6d4eae42fed6ed8ce52aa6b313a1c,5,3,4,5,4,4,2,2,4
81d946312f17a79100cf3471da48ac9b,3,3,3,3,3,3,3,3,3
fd2ad62fe51a4ab6f4786f116d7e5eaa,3,3,3,3,3,3,3,4,4
45b722a9c968f995fcc13d1e59cbcc88,1,1,1,1,1,1,1,1,0
82f560e8944948e59ac8cfc656938778,1,1,1,1,0,1,1,1,1
f964b9543ed1fcd3fcda049d744a50bd,4,1,1,2,1,4,2,1,1
163c22cdbba739e4c063ab9fc4314d6a,0,0,0,0,0,0,0,1,0
2013de8f585f3ef670ac9355bebd930b,1,1,1,1,1,1,1,4,1
fb74231594a6b93c552c5bbb3a6bd699,4,4,4,3,4,3,5,4,3
c3e3c81e70f9124f5872bab7f5c71b94,1,0,0,0,0,0,0,0,0
a5c070a1bff740fb05683f14886888e7,0,0,0,0,0,0,1,0,0
07a7ef0ba3bb0d6564a73f4f3e1c2293,4,4,1,4,4,4,4,4,4
4e1ea77ee544e8702ea538a2e5fd4877,0,0,0,0,0,0,0,0,0
e4d64940de65dd5cecc5c7295d2bda1d,1,1,1,1,1,1,2,1,1
00fbee5161d8cc715b3fe69e16cdf147,1,1,1,1,1,1,1,1,1
035587e63d72f8537b3fce5067bb18df,0,0,0,0,0,1,0,0,0
b1b0e643bd13df0d2bfc1b051e2bd0fd,4,4,4,5,4,5,5,4,4
29666407d53a57a9dfd417fb75040f8c,1,0,1,1,1,1,1,1,0
5740b936c0d44c94933f19203ad483ba,3,3,3,3,3,4,4,4,3
6f56c1a8d9755e36fc3329797d59874a,0,3,1,0,0,0,0,0,0
cab3d02d82d55997dfabc99e84516de7,1,1,2,1,1,2,1,1,1
835c2db7726b399c38e5e53f1c326ab6,1,1,2,2,1,1,1,2,2
214c08ad1a6a368008dd62164e6d6ac3,1,1,1,2,1,1,1,1,1
ba7eaa33d6aca6ec1ce59e741e922664,1,1,1,1,1,1,1,1,1
26a271cd2fdd034304566deb6bcfdafe,0,0,0,0,0,0,0,0,0
b2af2b481ff84df45b02df098e9a8e46,3,4,3,4,3,3,3,4,4
e5875827ce9f2f526f46eefff35ab893,2,2,2,2,2,2,1,2,3
fd8c1f420a7c1c28bab654d0d8d3a6ba,2,3,3,2,3,4,3,3,3
dccc83277c036d6a82720e6a19785fad,0,0,0,0,0,0,0,0,0
88bde4c99e9dff4e732dd21be1bb939b,2,2,2,2,2,2,2,2,2
5ba77a03901ebd78457cafea98211001,0,1,1,0,0,0,1,1,1
cae077a0259202d61eaf7f10424b148a,2,2,2,2,2,2,1,1,1
160a477ebf1063575de0657e87aee1c2,5,5,5,5,4,5,5,4,5
d5bf3e7b1d30bf762b03b60d88177b20,3,4,5,5,5,5,5,4,5
402fa51bb615b1a88200c65ce22c76fe,3,3,3,3,3,3,2,3,2
4f53892473ee239f9dc9d80047cb3627,2,1,1,1,1,2,1,1,1
815cdf5c920260e8174242bc3395b527,0,0,0,0,0,0,0,0,0
018eabc8f4503ab89d0725b430e4808f,2,2,2,2,2,2,2,2,3
977d38c17c1f872ed1c550c52e984986,5,5,5,5,4,5,5,5,5
6fe956eb5739f0877752cba783828cd2,4,3,3,3,3,3,3,3,3
fb63da75bcda973dcac1418b7cca2078,2,0,0,1,2,2,1,1,1
1aff7ddcd1864b0e2fa4fdf61e965a83,1,1,1,1,1,1,1,1,1
8796432c343bcf3bcca556dc3375702e,0,0,0,4,0,0,1,0,0
4e91e7b1e5dedb02b7b01daba1fea361,4,4,3,4,2,4,3,3,3
f80e5b2afa3ebf635c446fa08a3d7a45,2,1,2,2,1,2,1,3,3
9e74e07bb8b89e8dd32057c623238f98,0,0,0,0,0,0,0,1,0
4a3cd784b891733e6f807e69a592e13f,0,0,0,0,1,0,0,0,0
147c2ba0e69a12aef763162255c73e90,2,2,2,2,2,1,2,2,2
d7c97e7055f847f17a4572f7f2ccabb0,5,3,5,4,5,3,4,4,3
f99a2a0674f03666c5b3448170f4e2e4,3,3,4,4,3,4,5,4,4
ab057a99ebf485362a78685f68ebb79a,2,2,2,2,2,2,2,2,2
389c1554f751b2fdd247495b71efe30b,2,1,1,1,1,1,1,1,2
9d98eb6c404f3c3d7191a8db379d2994,3,4,3,4,3,3,3,3,3
049813f2cb407d0db60d6e671af6415b,4,4,4,4,3,4,4,3,4
2ba44e7f931c66cb48e41c58bdb25c89,1,0,0,1,1,0,0,1,1
366cff575902d8a3e43cf0634e05d96c,4,3,4,4,4,5,5,4,4
9b24d12545a72daf963173a390f5bf72,5,5,5,5,5,5,5,5,5
5d3fbb68cccb100204a57b1b80b3171b,0,0,0,0,0,0,0,0,0
c5558a14e481d86827dc3703fe087f44,1,1,1,1,1,1,1,1,1
8fccff804b4b917572a6bfa3f32b3132,3,4,4,4,3,3,3,3,1
38bfa0ce8a23812ec8e74371a85e0077,1,0,0,0,0,0,0,0,0
700c0607ec73c9ccdd88de5617f850a9,0,0,0,0,0,0,0,0,0
937d1baa30563087075199d0756f980d,0,1,0,0,0,0,0,0,0
cde5025e8daabf4a99d549a6d76442f3,4,4,4,4,4,5,5,4,4
ee607b2abd1f6a721b4765ead3fe7aeb,1,1,1,1,2,1,2,2,2
8495f8040d55ab4ac000fd91a137b0e1,3,3,3,3,3,3,3,2,4
20546599b4a51afc9eb43344f42df611,4,4,4,5,4,4,5,4,4
1665277114b8f7349da97f801a0e8061,5,5,5,5,5,5,5,5,5
ed6cd2970be19ae64953171e8645de37,1,0,1,1,1,1,1,1,1
231d7fa0fe822b31b77a705d6556efdc,0,0,0,0,0,0,0,0,0
df6054cdf663fcc0fa704d6a45ce97ef,1,2,1,1,1,2,1,1,1
1ef4397ef01bbb2381980977b361025a,0,0,0,0,0,0,0,0,0
389a3fcfddfbd92bdcb69da5b10d383c,4,4,5,4,3,4,4,4,5
2146b81f11fac3a65d644c9ca3c23ebc,1,1,1,1,1,1,1,1,1
2325cbe32251cf6efe75a15e756493af,2,2,2,2,2,3,1,1,2
0076bcb66e46fb485f5ba432b9a1fe8a,3,3,4,4,4,4,5,4,4
5a46e8adec9c72070618f776583dd581,0,0,0,0,0,0,0,0,0
31c2c473c5f4101dbb928548bd176ae7,0,0,0,0,0,0,0,0,0
dd97a5aebd7c8ed6fb24da05ad92da74,1,1,1,1,1,1,1,1,1
1a12bfa2c136b75f8faa911f625b2ef9,3,3,2,3,3,3,3,2,3
5baaefc5eba0fef699e4fd80040e482b,0,0,0,0,0,0,0,0,0
43d1869ae02754e6a5fd2ff02ebab94c,1,1,1,2,1,1,1,1,1
35e8dd323072ad8efa1ae1db44921669,0,0,0,0,0,0,0,0,0
7fe16ebcbd851c933409e076d98c8072,1,1,1,1,1,1,1,1,1
45bc46a31180f65994e37850418e237b,5,5,5,5,5,5,5,4,5
455df8e93ef98ef8de25cf3bcc9d321f,1,2,1,1,2,1,2,1,1
e643797bc1d667d5b6a4f43ddd91c27b,1,1,2,1,1,1,1,2,1
dbcd292efb04d7db76e2c97379b79a14,4,5,5,5,5,5,5,5,5
0876078db4e90065f7c16c892f74f404,1,2,1,1,1,0,1,1,1
75cb55b879fce1a96c8273cdd77048c0,4,3,5,5,4,4,4,3,3
1aa5ff56e243cbc8ed0e140a7148f3fd,5,4,3,4,5,5,3,3,4
702a3a5fd638c2f5ca38ed562122b407,0,0,0,0,0,0,0,0,0
166f7618e2d9e5c9b05e4dd358f7659e,5,5,5,5,4,5,5,4,5
1d09b5fc1bf2482cdb2e3eb93b94226f,1,1,1,1,1,1,1,1,1
ac1a8cf1f24d7640e0817d1f9c7492cd,0,0,0,1,1,1,1,0,0
77be3c7dd3fd2f401366fc8e565a88b4,1,1,1,1,1,1,1,1,1
1e3397833ac1ae92d092f0662f9cb259,5,4,5,3,3,5,5,5,3
9b238129762edd83f472e5b3abf9e639,4,5,2,2,3,2,3,2,3
7b7884a293fae272689b6d18e245dbe7,4,4,4,4,4,5,5,4,5
feee2e895355a921f2b75b54debad328,1,1,1,1,1,1,1,1,1
4f323a5ac8121588c5ddad88eef0f0e5,1,1,1,1,1,1,1,1,1
5a6187e95ca3bdba7d35de992f98a1a8,0,0,0,0,0,0,0,0,0
203256da67cb1aab601d3af3f13d5db5,3,3,3,2,2,4,4,4,4
7f736bb8a20752cb2b2ef3552b84c763,3,4,5,3,3,5,5,5,5
74dba0e17c566cfe5063d8f161c61ef1,0,1,1,1,1,1,1,1,1
e479a841de401149c4f149ebe92cec7e,3,3,4,3,3,1,2,3,2
9c848808794be6026fe4166547f40293,2,1,1,2,1,1,3,2,2
08459aaedfda0679aab403ababbd6ece,5,5,5,5,5,5,5,5,5
4edba0c8cc0e39bac58aba99442b60a8,4,4,3,4,3,4,3,3,2
bd1e09c6a0c08934bb2f93ea933fce56,1,2,1,1,1,2,1,2,1
8017c7b5f7d8928a7465e6d41417c21a,2,3,3,4,3,2,3,2,3
9ff198372543658a26236dc972164baa,1,1,1,1,1,1,1,1,1
e9a5c52a32318ec532027258b3a84958,1,1,1,2,1,1,1,1,1
155867d947fe378bcce54cc1adf8acba,2,0,0,0,0,0,0,0,0
04198f362b0329843b23c5cd236f765d,1,2,1,2,1,1,2,2,2
21708bb4798bdebb4bffb7414bce44cd,5,5,5,5,5,5,5,5,5
32291426a698e316ff990f4b93e27e98,3,3,3,2,3,3,3,3,4
3dde322f1be699760d69795509fc8ea0,2,1,1,2,1,1,1,1,1
ac6ac43819c3e01b53b7c63fc4c4c24e,0,1,0,0,3,0,1,0,0
9d1409234a18d9419bfd8ee214c50ed8,0,0,0,0,0,0,0,0,0
8a3ef3903640c6ab01f5890ccb0445ed,0,0,0,0,0,0,0,0,0
f332a3076891e25ce5f028081614f5cc,0,0,0,0,0,0,0,0,0
c35e39e522cb0a93ecd114c71e72af05,5,5,4,4,4,5,5,5,4
28ca63263be7194fbefbfaedd0637469,3,3,3,3,3,3,3,3,3
81012e47c88a443e9c28181ffb81194f,1,1,1,1,1,1,1,1,0
22929b2cf2dd413c3a4f6f737d02a74c,3,3,3,3,3,3,3,3,3
85874a84d6fd4b14d5d9816650a6a17f,2,1,1,1,2,2,1,1,2
7f53e2cb95194577dc29836a0cd7fb62,0,1,0,0,1,0,0,0,0
5e397c08480a57e65d45fdc3aa18399c,0,0,0,0,1,0,0,0,0
e4bbe0282fbed7b4c2e82a36fec5246b,2,1,2,1,2,2,1,1,1
88059beda72a73582082613c21cda113,1,1,1,1,1,1,1,2,2
c6ac7271f3cf776fbd43808b320c40d5,2,2,3,2,2,3,3,4,2
7ae412eda1a4203bb31484fdcdf0864d,4,4,4,4,5,4,5,4,4
a043e7be47fa98c814af7969a55f8bc6,0,0,0,0,0,0,0,0,0
9772703b74227547ad49265a1f70b9c5,2,2,3,2,2,2,2,2,3
1a4cd10d5927f583f1a6c78dbc5a4765,3,4,4,3,3,4,5,4,5
2902a2f38703f59632892819a1c72377,3,1,1,1,2,3,1,1,1
6b69560eba8205a182f996d752402036,0,0,0,0,0,0,0,0,0
5b4819f36fb394dd3fcda83c3a3b7ad0,3,3,4,3,2,4,3,3,4
aeae0b9b833e7ee491d1e486bb7bbcf2,0,0,0,0,0,0,0,0,0
9d631d064fda13e2c2641d8ee30d9a2b,1,2,1,1,1,1,1,1,1
0fa7acc07477423731f916e0e694bc41,2,2,2,1,3,2,3,2,2
7982c501352a5974743b000378f161b8,5,5,5,3,5,5,4,4,5
d34c7fe759808771f0b2dc65ad0df03c,4,1,3,4,0,2,0,0,2
a979f5e3d61ebeec3dcbe8943c9316ca,1,1,1,2,2,2,2,1,1
757b927de93c8083c392f2248529d29a,4,4,4,4,4,4,5,4,4
bf990806f56c05b04af0ce599a4541bb,0,0,0,0,0,0,0,0,0
2f5d00dfbc4e77e4f7697265826a2c85,1,0,0,0,0,0,0,0,0
450f03b3f86c156365c1f7ef8e38f995,4,4,4,5,4,4,5,4,4
1ad3541a3fe674e74dba9b3507eea0d7,1,1,1,1,1,1,1,1,1
b97714e3e07e57a9bfc005fc830a1723,5,5,5,5,4,4,4,4,5
23fb8c811f66b576d6f412c120eac878,0,0,0,0,0,0,0,0,0
6e4491b337dde383cdf2a75685dee968,0,0,0,0,0,0,0,0,2
7436cdbf9876ac812cdc3ea7557aadaa,0,0,0,0,0,0,0,0,0
007433133235efc27a39f11df6940829,0,0,0,0,0,0,0,0,0
f1ca34b8757be8022476e4e71d18e06b,4,4,4,5,4,4,3,3,3
7efadcaf19d41014a98b2af2c491d458,1,1,1,1,1,1,1,1,1
a10cb9e1dcf60863dba57e77c45de0c5,5,5,5,4,4,4,5,4,5
e4fe4288bba2a29f9ad2eadbce43cf80,3,3,3,3,3,3,3,4,3
05f2ae45ead3e5737d102656366752df,1,1,1,1,2,1,2,1,2
673860524a7cafac29eac8977227c665,1,1,1,1,2,2,0,1,1
44bd92639cb37e2cc41d253bc4671241,4,4,4,4,4,4,5,4,4
22138d8dce74b82fbb14745e3003a57e,5,5,5,5,5,5,5,5,5
3ecbfb149b69ee6e88c4d9c0b9e281a1,0,0,0,0,0,0,0,0,0
6d451a9fd1764df154ba4c19c16ad79f,2,2,1,1,2,2,3,1,1
871b51f7bba1b86959706048ebb3707b,4,3,2,2,2,1,2,1,1
e805fcf7bfd5a7cd6c652c1ed288bcd8,4,4,4,4,4,5,5,4,4
35b5971800492e04d2ecd6b3439b0017,2,2,2,1,2,2,2,2,2
3e6dd2bc9d2476081714e4772525f9f4,0,0,0,0,0,0,0,0,0
e976c3cf104dcc86cee5a69421bb38b4,0,0,0,0,0,0,0,0,1
729daa7642daaafddd00e48ac018fac7,1,1,1,1,1,1,1,2,2
4ccf0ed8147b12fd0214ef72b3f574b9,0,0,1,0,0,0,0,1,0
e03c2b754bce667277ce38e552bd81c9,4,3,3,3,3,4,3,4,2
be7a589fc7d001393041a9a2fc9c9c5d,1,1,1,1,0,1,1,1,1
4a3e6e77b42a7e8f8b2dec472667bdbe,1,2,2,1,1,3,4,2,1
04f28a8f394396872b7a9ede5041a80c,4,1,2,0,1,1,2,0,3
0bd0dd2e0b715471eab534e1d815ebb2,4,4,4,5,5,4,5,5,5
e3a26222873878047740a3d40ce041ee,1,1,1,1,1,1,1,1,1
0da878110769739fb9439908862be9ba,2,1,2,1,2,2,1,1,0
1b537a80f1e8a878059a4bfea02a7a6b,1,1,1,1,1,1,1,1,1
c74e766851d12e6c5775f1dacbe3843d,1,1,1,1,2,2,2,2,2
f1e4ff27b4e88679ebb3a4547c9a5a04,3,4,4,4,4,4,4,3,4
aa082e66a044358b7222c7e2fb499a2b,3,1,0,2,3,0,0,0,0
b0e4ac380ceb1b245dd4fe6052913919,3,4,3,4,3,3,3,3,3
4817f7eca9697088d10623470bd5e7d2,0,0,0,0,0,1,0,0,0
a43ae1d4fbbb8606f3e38d2f21824b61,5,5,5,5,5,5,5,4,5
9bc70f1bfc8dbca7c881616b0198edcb,4,3,3,3,4,3,5,3,4
725f6e74ba6aed08098c779047a19559,2,2,2,2,2,1,2,2,2
67319450f16093d1be341212bc57c86f,5,5,5,5,5,5,5,5,5
25a27922edaf3f338e8693ededcbe1c2,4,4,4,4,4,4,5,4,4
36a9f01565753462e06fa127f7e0d8a0,0,0,1,0,0,0,0,0,0
cf82146a7d5cfc712501c6471ccb882e,0,0,0,0,0,0,0,0,3
c29e03d8171d9e1b2ddafd0bdf8e6dff,4,5,5,4,5,5,5,4,5
7c1c9f803f1d53bd81082a633b794093,1,0,1,1,1,1,1,1,1
2f1ffd9eba705b8795e52d48bd31fc04,0,0,0,0,0,0,0,0,0
29392c4ed2a73fc38cdce3db84fa624a,1,1,1,1,1,2,1,1,1
50d777bdfa7218c5aa81bdf72fa1bdf2,2,2,2,2,3,2,2,2,4
2a709812f21cab8f45ccc91371b7dc5f,5,5,5,5,5,5,5,5,5
102457e538762e4082f7ee8a4d1a9e16,3,2,2,2,2,2,3,2,2
42ec055dc827cb138393c9ed767f9a21,3,3,5,3,2,3,5,3,5
2c64c620bb90c077032831ccc57361dd,1,1,1,1,0,1,0,1,0
eb81e4b7cf069e0660b747b0da1aa1a7,4,5,5,5,5,5,5,5,5
5e165e0f062426606dc1b5c217689129,1,1,1,1,1,2,2,2,1
7a0a50d6ea7cd7654369f1ec71f93db3,1,1,1,1,1,1,1,1,1
899208b5b6d4e2244928c3be37ca1a67,3,3,3,3,4,4,4,3,3
ae4eece1cdf581598449b32f7747f3a6,0,0,0,0,0,0,0,0,0
9ffb0d108038b5e91cf647c4f4b61318,0,0,0,0,0,0,0,0,0
2033421adffe1e569704229c139c0dab,4,4,4,4,4,4,4,4,4
dabe788e9798ac2d6f664957c4fee983,3,4,4,4,4,4,4,4,4
8dcdad73d9facc2ba28642ff4a3b9513,0,0,0,0,0,0,0,0,0
49f57da1e460334f4696a25245933d30,3,3,2,2,3,2,2,3,3
bde3843781f35eee9ffa24bd228f41d5,0,0,0,0,0,0,2,0,0
c59ab7f1ea4c892a0845646933cc3b60,0,0,0,0,0,0,0,0,0
2db3720a45f02467c5863f2755ca18e1,2,2,2,2,1,2,2,2,2
059ab4f2222a3231845f048a63036083,1,0,0,1,0,1,0,0,0
11a3ed5470a0ed68fbf58c562f9683d9,0,0,0,1,0,0,0,0,1
32d951dce83800cf441b41c50b50208a,0,0,0,0,0,0,0,0,0
17ed38674f65ff958bef435280acd1dd,5,5,4,5,5,5,5,4,5
acc79fc48cdb1a2c730a0b2c15b0355d,1,1,1,1,2,1,1,1,1
8dab7a3c32ea29419e0ee7db4beed1f5,0,0,0,0,0,0,0,0,0
4ea43ff0fefba731d58e440e346aeec7,3,3,3,2,3,3,2,1,1
de4dc93bcd5dd4eb08fdec474455de0c,0,0,0,0,0,0,0,0,0
48176351db9eb0d9066ac09610039e6d,0,0,0,0,0,0,0,0,0
2de26a8634efd177cb8b6085adcbd33b,0,0,0,0,0,0,0,0,0
fa5a65d858a5cc0466e8c5a06b735499,1,1,1,1,1,1,1,1,1
ad6c967bd632185db83b4739a8c4b450,0,0,0,2,0,0,0,0,0
ee83e1603d89100f6546368fe275aaa5,3,4,3,3,3,3,3,2,3
1ac5fed19cf6f44db9a4dfa85aefce4a,5,5,5,5,5,5,5,5,5
f39af586dc4bef6567f64608d0e25607,3,2,2,2,2,2,2,2,2
cf98288a084de953fd69b8cde784b755,5,5,5,5,5,5,5,4,5
64b7fa539fe4647b60c3e25f17732a5f,4,4,4,4,4,4,4,4,4
5b9b36cadaa3ef1d6fed33305e8343e4,3,3,3,3,2,2,3,4,3
f2cdbdce3204d8c92da1db6034ff6a19,1,1,1,1,1,1,1,1,1
cde6ea7eeb1b6c4fbca3c85f430b9ae7,4,4,4,4,4,4,5,4,4
3c3b1cae5538b0e4dcdfd6bdb492fd9a,1,1,2,1,1,1,0,2,2
8ce7e69e255980b50a2f8a7289bce5a6,1,1,0,0,0,0,1,0,0
f539f2dcee1a03c730a2a5a9e2298fb7,3,3,2,3,3,3,2,3,3
fccd891ab4d4ce283caa43e2575d7924,2,2,2,2,2,2,3,2,3
601b0ee3f58bd12e3f3f1ff3a91d2ac1,2,2,2,2,2,2,3,2,2
fe309f77902a9790166ad50bbeda0eb5,2,2,2,2,2,2,2,2,2
7d86c5e09004e3016838f192ecaac540,0,0,0,0,0,0,0,0,0
3e0ffdd220288ab384e08bcb9b46b843,1,1,1,1,1,1,1,1,1
3ff30b9406f4c44c9b8dba47615f1fca,0,2,0,0,0,0,0,0,0
158b063304bd83f4f6cbe952de5325ab,0,0,0,0,0,0,0,0,0
6ab0d7184ed0d412295c038fba1f79bd,1,1,0,1,0,1,1,1,1
11bf68736bc51525ed31f21abe8ff6a5,1,1,1,1,1,1,0,1,0
c9bcd1d4867a43cec02af7f3b555709f,4,4,4,4,5,4,5,5,5
e6b528e0bd6d4b69e3bfe318e550cbe1,5,5,5,5,3,5,0,0,3
ab756d70045e2af65e394f378afa127f,0,0,0,0,0,0,0,0,1
77e6971aea24697a8ab12490aba58aab,0,0,0,0,0,0,0,0,0
9698217c3f36f906a5b44eff5ff971bc,4,4,5,4,4,4,5,4,4
dbd2b5403eb56faf745ed021e1712890,4,4,4,4,4,4,3,4,4
45f89ece67e208657282b2dd46190aa1,2,1,1,1,2,1,1,1,1
5f7ebc491021150fdb969866ad5f6d81,5,5,5,5,5,5,5,5,5
73cea45cabd1048067e6500bdacb7356,1,0,0,0,0,0,0,0,1
be02458edbd06696094ebb229a9d0d37,1,1,1,1,1,1,1,1,1
ccb6cf5f73948fbd88d7e4f2fcdea92e,0,0,0,0,0,0,1,0,0
6de1c3a8bc0ecbbe70b3b679ef52e776,2,3,2,2,2,3,3,2,3
4d048dd585259614c27e11431ec2c860,1,2,2,1,1,1,1,1,1
7788ddca67e3faf4da246eacc60675a3,0,0,0,0,0,0,0,0,0
b119f1fd77a7da8feb9fb211e894fdb9,4,4,4,5,3,4,4,4,5
1141ca7040f9f32bf84531cc1b1d9f51,3,3,3,3,5,3,5,4,4
9b7a3bed1f74654040a37290572015c5,0,0,0,0,0,0,0,0,0
98b0be22ce1333d629294c2748a81ed7,4,4,4,4,3,4,4,3,4
886c574b0b86f018967dd04de7ef6fe7,1,1,1,1,1,1,1,1,1
5ffcce68d2c246abbaf30aedc7f37848,0,0,0,0,0,0,0,0,0
bfd9cfd46255e953b9d62ade1f8b95cb,1,1,1,1,1,1,1,1,1
82a8afddaa5244a756cc8b18e5b14c43,1,1,1,1,1,2,4,2,3
402e98804850c7e2ba7fc6d4f7e9ba99,1,1,1,0,1,1,0,0,0
28eaf92d73381366c785c97a675762a4,2,1,2,1,1,2,2,1,1
b3469d2d96c5bb08f7bd3464ed5afa1b,1,1,1,1,2,1,1,1,2
21707f5853f0d1d7f0cdd6cf4c49a704,3,3,3,3,3,3,3,3,3
db63c8584fb19a4425c8c80d86217af7,5,5,5,5,5,4,5,5,5
768098d5b47a4b3e2f18993da3bda0a4,2,2,3,3,3,2,3,2,3
de4966a35d76fc988a17d78d895b2130,0,0,0,0,0,3,0,1,3
b828e67db7b84d0d18b5498c8c185874,0,1,2,0,1,0,0,0,0
8948231e22708d60c8f855d7cbae5cf3,4,4,5,4,4,5,5,4,4
f9241d87de38038254befbe22ef4b139,0,0,0,0,0,0,0,0,0
ff80dfefc41b8863b476c5840f88fec0,5,3,5,3,3,3,4,4,5
89d137c7fb29df7596e6824181b7d5c9,1,1,1,1,1,2,1,1,1
ad9edb9b14bbf3ae9abd4f861c5462c7,4,3,4,4,4,4,3,3,4
ca4e7898a7144c51e9e111aa3b90265b,1,0,0,1,0,0,0,0,0
17efb686df335e94942c65347a380135,1,2,1,1,0,1,0,1,1
abfe06f56b989f9e1d6034b12bb885d8,4,4,3,4,3,3,3,2,4
f00a8cd34ac361a3292c2d2361bbaebe,5,4,4,5,5,4,5,4,5
7e6194d098fcf07efafbe3803cb4c321,5,4,4,4,5,5,4,4,4
e85bc7944c6dad97514e5dbbf774ace4,0,0,0,0,0,0,0,0,0
0c63ad44d6bc717dcf0c965d1284d503,0,0,0,0,0,0,0,0,0
e53ec7956c1284b527ad242b70c37b37,2,4,3,4,3,3,3,2,3
cd0ea1fcb034376845c7af09d2154603,1,1,1,1,1,1,1,1,1
2ed1c3b9541f619a827a287a55c806e8,1,1,1,1,1,1,1,1,1
9ef78f4a0c54b5ccb6f7d16a43d1fc78,4,4,5,4,4,5,5,4,4
fca2d821dcae271ea5e5851df2f41538,3,3,2,2,3,2,2,2,2
549f87924e4800a7112f6edd5c250ebe,0,1,0,0,0,0,0,0,1
0eacb18986da2b25c5d82bd9676536e0,0,0,0,0,0,0,0,1,0
b1403f9f47c9544b0ee85dc0f319bc90,1,1,1,1,1,1,1,1,1
01699a34381500901408ba3258f5c61a,0,0,0,0,0,0,0,0,0
b464d85e4e09357df39fe623cb28fd5d,3,3,3,4,3,2,2,3,3
79c3e138e65b4bcabc078bb94f13ac0f,1,1,1,1,1,1,4,2,1
0a14e008bce3dbcce2470ca1123bd565,4,4,3,4,3,4,5,4,4
26bc992079d504e172e50fb565915bf7,0,0,0,0,0,0,0,0,0
846118a1d2e2fb16ce4553ba76bd3b57,1,0,0,1,1,0,0,1,1
7c0c6effa413bf976a309753c40f8bbe,0,0,0,0,0,0,3,0,1
77c62a6092fe0e55df4ca54cb8e71923,4,4,4,4,4,4,4,4,4
66afef566add0c44fbc3a00392b5a39a,0,0,0,0,1,0,0,0,0
ef49ceba7efcbd20b8cc1eda40b256fa,2,1,1,1,2,2,1,1,0
59c0c23b3f025bbe58e86162602ec4db,5,5,5,5,5,5,5,4,5
2673584f9398ce0acb21a86a1a711088,0,0,0,0,0,0,0,0,0
292c42388727f251a0d1ca66efda85fd,5,5,5,5,5,5,5,5,5
80dc4502ba1cff1616abf553065b6ca3,1,2,2,1,2,2,1,1,2
a08642ee66d28e4216bda09d27e5df99,0,0,0,0,0,0,0,0,1
872242e82c92ca733eed12510b1295a4,2,2,2,1,1,1,1,1,1
84b003f61775364863391f586bba7c6a,0,0,0,0,0,0,0,0,0
706a5789a3517393a583829512a1fb8d,4,1,3,0,1,0,2,0,3
e7e80a801e9a9102e87bcb514b13c660,5,5,5,5,5,5,5,5,5
31dcc24ac04b9c4b00e5b898dfab4c91,0,0,0,0,0,0,0,0,0
037c18f1a1ec42be86eed81b09867939,4,2,1,2,2,2,1,1,2
f75c7cec3ddc9fbff27aca59b01c5bf5,3,3,3,2,2,3,3,3,3
72bd56326bacd70420b41ec463aae7e8,3,3,0,2,2,3,4,2,2
9a0fc7a2679d20d5c7bab1f220316e58,4,4,4,4,4,4,3,4,5
cfaec8e16eae41da6abd659145a865f7,5,0,0,1,0,0,0,0,0
0cb39c742b3ee31e25527b3d31991f09,1,2,0,1,0,0,0,0,1
1cce91f7fa498dba0e31b6c6548214e0,1,1,1,1,1,1,1,1,1
dd4a6b2c2370f47add9ec08e2f7e7458,0,0,0,0,0,0,0,0,0
836a1e6bea9fcd4f2c65d958fc2a7935,4,3,4,3,4,4,4,4,4
af79e4772667773474dea5134a7d006d,1,1,1,1,1,1,1,1,1
d84c7a217e2277033342f89adf0ce7b6,4,3,3,5,5,5,5,4,5
bacad594d4d9ad882eda3a6738326d52,0,0,0,0,0,0,0,0,0
def79acd1fba29e18079fd3925b7ae92,5,3,5,4,4,5,5,4,5
42cba36cc339e8195e9b1c0dd4f9796a,1,1,1,1,1,1,1,1,1
0536843beb45cb6d5d7db5bf576a37af,1,2,2,2,2,2,2,2,2
b4d35decb5af45d088f7165fbb664612,0,0,0,0,0,1,0,0,0
2c80f3b5b711c0ff847087a5c154b5a0,1,0,0,0,0,0,0,0,0
5c975e69eee9359ebe8da3f2a376fefb,5,5,4,5,5,5,5,4,5
bde4648639af6c2a3872086fad035077,2,1,1,1,1,2,1,2,1
08abd36dda089b53088bb7bf7558336a,2,2,2,2,2,2,3,2,3
18b975c3706ee8afd820eefd5b5c209e,5,4,4,5,4,4,5,4,5
f6549477cf5adb4bd35894d67d7dd86e,0,0,0,0,0,1,1,0,0
4c7bdcaec94446929471c97fa0c8088b,1,1,1,1,1,1,1,1,1
de053910e530a0446edf0c8dc12d31e3,1,1,1,1,1,1,1,1,1
117683a5298a7f5f8832b85c3e827750,0,1,0,1,1,0,1,0,1
f39bf22d9a2f313425ee201932bac91a,4,4,4,5,5,5,5,4,5
da84230d35b22a900b153d5cb969a7a7,4,4,4,4,4,4,5,4,4
f12f02fc993a6cee39d10fdf26b528de,1,1,1,1,1,1,1,1,1
df6ff40fbec6619b935d8fa3f6b9ac39,0,0,0,0,0,0,0,0,0
06cab87cd7a132bd8eaa30aa1ea42434,2,3,2,1,2,1,1,2,2
8196c63cbdcdc0abd0cac91194d26944,2,1,3,4,1,1,1,0,0
4274afab5a0dfcdb8296d351150a754a,3,4,4,5,4,5,3,3,5
3a6d539ff2b274703bf4c8b50c6d599d,0,0,0,0,0,0,0,0,0
dab87401b1605f7d5eb9bf5a722486bc,3,3,3,3,2,3,3,3,3
e8b55cf005b13b68d988de5b8ea3da95,1,1,1,1,1,1,1,1,1
6b8e655888a58c55a714c15b849a2c71,5,4,4,4,4,4,5,4,4
85b8c93811739e3677accdbb8c12e8ba,0,1,1,1,2,1,1,1,0
88865c437104f76ab06759737ced0cb9,4,4,4,4,4,4,5,4,4
45d0ddf0aeb9b7f3c8e6c19c4405ac99,3,3,3,3,2,3,3,3,3
604342e344f4adba3a302ac43d48180c,1,1,1,1,2,1,1,1,1
f4ee61458d542b826014e72cb224a0b6,5,5,5,5,5,5,5,5,5
410cba2621af8d087ca17589878129de,0,0,0,0,0,0,0,0,0
a9e7790493c9bba62098adf8ade8c2cf,1,1,1,4,1,1,2,1,1
6cff031b8d7dd8c2cf34364ad1ee6c1a,2,2,2,2,1,2,1,1,2
b301e47847f6a20f8cd53852763edc45,1,1,1,1,1,1,1,1,1
c949b282b94808a40935c6cfe9f2fb67,5,5,4,5,5,5,5,4,5
c5aa2c9c8960c835f7e7daa2b86ec0e2,1,1,0,1,1,1,1,0,0
ae7dd6b6b0749f3b9b3001629b9db512,3,3,3,2,3,3,2,2,3
685b9b163d583cf156f378adfdf3564c,1,1,1,2,1,2,1,1,2
14d1af536fcad0a2463bd59d34c9f1dc,1,1,2,1,1,1,1,1,2
b06e7d1627d5ec60135b82b4c0663898,5,5,5,5,5,5,5,4,5
5b068fcb3a6af7142be9e39d24d1a8bf,4,4,4,3,4,4,5,5,5
a9ff261ddbae34cbbb6b5d5c0f2d1ce6,2,1,2,1,1,2,1,1,1
cf843d7b7445702821728d9f3239cede,3,2,2,2,2,2,2,2,2
3ca86b49aa2b914b30f2dd25c0431b9c,5,5,5,5,5,5,3,5,4
6a1d806e8de5224e3134a345e2ee8f74,1,0,0,0,0,1,0,0,1
782211a8e7b058a8b90697bbe9ef573a,2,2,2,2,1,2,1,1,2
9af692888cef9a1698853f1424cc6fe2,5,5,5,4,5,5,3,3,4
596d3b12550adf32cba3ea96fd6859b0,4,0,1,0,0,0,1,1,0
00bbc1482301d16de3ff63238cfd0b34,2,4,3,4,4,4,3,3,3
de90a267b2e51d4222e905ee6a83ea48,1,2,1,1,1,2,2,1,1
f121597ae1a23fe4e8d1a051b3533dd5,2,1,1,2,2,1,3,2,1
0592a76b2a23cf43ceeb8888f36bed9c,1,1,1,1,1,1,1,1,1
934f3bcb20dfdd3e184f53df0383b9e0,4,3,1,3,2,1,1,1,2
644fd820f63428eddc8e4f180e99c345,0,0,0,0,0,0,0,0,0
58b1a38c3fdac76c56e664b82f85d35a,1,2,1,3,2,3,3,3,3
5aa7cc54ea328d8b61385a4cd2ff2352,3,2,3,3,3,3,3,3,3
bf6671ee64037cd05665b5e51a9063e0,4,1,2,1,1,2,2,2,3
38ed9636bac9547da263faf1d068dcf6,3,3,3,4,3,3,4,3,4
3bbe8e2a01ca4d4e8cda9a6bb5491ad7,5,5,5,5,5,5,5,5,5
a0714e2fe169ac0e6bfcacc028a4f391,1,1,1,1,1,1,1,1,2
5560bd3b03194cf9cdb514f7254b17b5,2,3,3,2,2,2,5,3,3
b9b23d4160cd6061c6014a5d77dcbfda,2,0,2,1,4,3,2,2,0
b263e89dbfd95e61cc803eabc460d4f6,5,5,5,5,5,5,5,4,5
ba7b108db53cff0e6e5f04a51e11bac8,0,0,0,0,0,0,0,0,0
c8e8e1f2f14c1d8804551ca9233442e6,0,0,0,0,0,0,0,0,0
2e1b1f41e613f0592627547bf4b49cb2,3,4,4,5,5,5,5,5,5
3b343b8c4e2a854735a82bcebe482a14,0,0,0,0,0,0,0,0,0
738963113c79bb3c8814b06224a263a3,0,1,2,0,2,3,0,1,1
689100903a58c5d137f281c058b85856,5,5,5,5,5,5,5,5,5
4f8506ad3366270f12cd7a31641495cb,5,5,4,4,4,5,5,4,5
2f0131a5e37bdf341c47dfc724eb0eb2,0,0,0,0,0,0,0,0,0
7ae637109d077936dbde6c77bd2c5eb7,1,1,1,1,1,1,1,1,1
2b8cded1eb60bf2f5c97be4576341a07,3,3,3,5,2,4,3,3,4
d7f293887ea70c37b1c940ba372e1a2f,2,1,2,1,2,1,3,2,2
d05dedcf409db3d984fce8af576fdab3,1,2,1,1,1,1,1,1,1
9f54b66fea7733a969ddabccb7dbee77,1,1,1,1,1,1,1,1,1
fda9a587d6bbfa5ceabe1840b2ae6337,0,0,0,0,4,0,0,1,0
d54a086123963adeb84c160160bac353,1,1,1,1,2,1,1,2,2
771b4d1f002ddd740017d6e4371df8d0,2,4,3,3,4,4,3,2,4
93b69d2902a418c407b43b1da3248c8d,2,2,1,2,2,2,1,1,2
b2132ea045444b2693693ff67cf6bc3a,4,2,1,2,2,1,3,2,1
f4df16a55805e69f7013d79eca0c46a7,5,5,5,5,5,5,5,5,5
3ea2cc78e880904c398deb6d51adc136,2,1,1,1,1,2,1,1,2
78fb9c534fe83124d15dfd2b64f62e17,0,0,0,0,0,0,0,0,0
ed9a9b74e2c08c506767af2471d9c1ca,0,0,0,0,0,0,0,0,0
dce48bd8efed423c2484093638a369f4,5,5,5,5,5,5,4,5,5
ca7ba25b885ddc868383d36ab35090c7,1,2,1,2,2,1,2,2,2
8f16faec966db9516e180adfcb7720d3,2,3,3,2,2,3,2,2,4
a21ea7caca40bc45f043ed27ae2b573d,2,3,2,2,3,3,2,3,3
4aeefb17109509ee7eac25844586dbf5,4,2,3,2,2,2,2,2,2
a11991dab102085728874c2f348eeffa,1,1,2,1,2,2,2,1,3
345f3e86a3dcc26dce73ceeacc5a4a0a,3,3,3,3,3,3,4,4,4
64a33315a1c5d2f6aa9f04a9c2ff4650,2,2,2,2,2,2,3,3,5
fd34d5fda33d3e8281837a2a4511f7fd,4,5,5,4,5,5,5,5,5
e669166e64cc2980b026a1243676db47,1,1,1,1,1,1,2,1,1
cfc8739fcc8e3d89f162ef4718c4e4c5,5,4,4,4,4,4,4,4,5
be314bf69cc2a23be07350850abb34bd,4,4,3,4,4,4,5,4,5
ac4184c39f8c07a414170dddbd84bcf6,0,0,0,0,0,0,0,0,0
25961aea3db8652eeb0bbce7b0b539e0,5,5,5,5,5,5,5,4,5
c4536651e1072dd41bc9366cf256d70e,1,1,1,1,1,1,1,1,1
7d300ac8ceabc7e29843d849dc54c474,5,4,4,4,4,4,5,4,4
680984934a44ffcfc33f21b9b62f9436,0,0,0,0,0,0,0,0,0
a4fe6a765a5d525015f97f2f967caa67,1,1,1,1,1,1,1,1,1
173f4e37ce1592690c9bb78b99eafb1c,4,4,4,4,4,4,5,4,4
62de6f2b44980a0b7d2a926f828446b1,4,4,4,4,5,4,5,4,5
9c5229cbfdd9234f73a514b0a2f0ad4b,0,0,0,0,0,0,2,0,0
86d4f3bac81c1929300eb270c6aea4ea,3,3,3,2,2,2,3,3,2
60a56a0ab535c04b4f4f39955fc9d268,1,2,1,1,1,1,1,2,1
9cd46c6f68b4c67c06e48fabf85a6a45,0,0,0,0,1,0,1,1,1
d40022119792db6bb90f85d2d77c4d01,4,3,3,2,3,3,3,3,2
5acd886e33ce9f50a7c738c4c3dd8503,3,5,3,5,4,3,4,4,5
32d22cb31348b9bc05db98b08da8c867,0,0,0,0,0,0,0,0,0
ac7b0dbd7220fa8abe977efe1030ddcc,0,0,0,0,0,0,0,0,0
79f2a04c4e2d558d425dc137ca300e14,0,0,0,0,0,0,0,0,0
7ced88f60bd744ea9b5b8b0527598ed8,5,4,3,5,4,1,3,4,5
c07f5f4ca0af11d11a755c72b638d966,4,4,4,3,5,4,4,4,4
31e4a1bbfc15b961823e2abfe8a835e2,1,0,1,2,1,1,1,1,1
3af3acea1b27322f4739f69684830d32,3,3,3,3,3,3,3,3,3
38b316108a68f9baa9837acf06bc3c48,3,0,0,0,0,0,0,0,0
043489a629f6bdec1d08515a6daabb78,1,1,0,1,1,1,1,1,0
d5c7f88f88f69807ac508571475473fe,5,1,1,1,3,1,1,1,1
21c61eab96e1f16d7caf28a6645c22fa,0,0,0,0,0,0,0,0,0
196a19d5bcec9d1cd1c98eb21b7b8358,0,0,0,0,0,0,0,0,0
6232504a502236dc3e38f9fe46619308,3,3,3,4,3,3,1,1,2
2a8b2bd072020a502c3fbc8acb651172,2,2,2,2,2,2,1,1,2
dcc06d1ff01037f11254e5d5cc3c77d2,4,4,4,4,4,4,5,4,4
fa8bd8ed36122387823f6b268e6ecb83,1,1,1,1,0,1,1,1,1
585bf47f399249d4bc1e18a0aad69d2a,4,4,4,4,4,4,3,4,5
87fab5372e284fdfb9c1e7cd659f7779,0,0,0,0,0,0,0,0,0
98bfad4a1ec921edc2f61c9c9dd5690a,1,0,1,0,1,0,0,0,1
a778e005ed493fbc8905dfe811694b17,1,0,0,0,0,0,0,0,0
51241cdb2f2dfd0093b8448f4a0e00d9,0,0,0,0,0,0,0,0,0
eff6063a1f4154bdb706cc022b3e3bb8,0,0,0,0,0,0,0,0,0
9fe39d85be93f02ef46c1863533f923d,0,0,0,0,0,0,0,0,0
5930e03671314482e9aedb6050d1776d,1,1,1,1,1,1,1,1,1
cf8ab5a2ce0ff0b3d025ddb3ba1937a2,4,4,4,4,4,4,4,4,4
c192a7c5a94aacbb3293267bf206bf5a,4,4,4,4,4,4,5,4,5
af3e715af952b5325f9f06e703ca40ad,1,2,2,2,2,2,2,1,2
596ac7795d35e94f080254e0e405c0d3,1,3,3,3,2,1,1,2,1
f6a5026c3875a441ac93945bd4ba9c18,2,3,2,2,2,2,1,2,4
124a0616099409f5b9aaedfd3ac3ab6d,1,2,2,2,1,2,2,3,3
0d3a60962ae62416519dd9f4c1f172a0,0,0,0,0,0,0,0,0,0
ed52e9dafc41b6a05feb136287c52956,2,1,1,1,1,1,1,1,1
88fd1b3540f148486d5987f4ba55b02f,0,0,0,0,0,0,0,0,0
a7920e075a4c8784da50bb39c8414e92,2,2,2,1,2,1,1,2,1
83a54cb1fd656a3cdbd7ac9ffbba9d06,3,2,2,2,3,1,1,1,1
b49d54b4f7e73808440c36fa240614c0,0,0,0,0,0,0,0,0,0
a686274a69747305cbea99f22c4361d7,2,2,2,2,2,1,2,1,1
401c18c4391e1550b5b2718a2493e261,1,1,1,1,1,1,1,1,1
9b8895fcc7325a09cc4ff4653fbb48f9,2,2,2,2,2,1,2,2,2
510932ca0cdcb0dc885ce987bc67387d,2,1,1,2,2,1,1,2,2
a383c97bbe2095ea5d4a7c33a35b2c4e,0,1,1,1,1,1,0,1,0
254efefa21964ee7664503a878757485,0,0,0,0,0,0,0,1,0
6f7964ccd7bf337793b91b0a2c4266ca,4,4,4,4,4,4,4,4,4
941c5c00aa0eb23c7020f46bafffc062,0,0,0,0,0,0,0,0,0
7011aee2bad0c61f658a9e50aa0469e3,3,3,3,3,4,3,3,2,3
5bc396007c667e5fec6587d07a9af93e,0,0,0,0,0,0,0,0,0
9380b3a7b261bce9b376b110aaee787c,1,0,0,0,1,0,3,0,0
1237190a840ad3929f3c8568be55df9e,0,0,0,0,0,0,0,0,0
53112d6426aa20a446eac73f72ef0458,2,2,3,3,4,3,3,3,3
859651fe24367615a0f77ba556a196bb,2,3,2,2,2,2,1,1,2
b6cffe7fcd24b70b911495e4120e6d84,4,4,4,5,4,4,5,4,4
be403ce415609008605d63396869ed2e,3,3,3,4,3,4,3,3,3
53f4825dc7b4f778b7b0a7baae38aa9f,5,4,5,5,3,5,5,4,3
4eebdcabcf4d69a1b1b0f17db63ee02d,0,0,0,0,0,0,0,0,0
f6df497ddcb8f033d7c28c05fe242aaa,4,2,3,3,3,3,3,2,3
e16d8af9ff08e6af48ab539765fe0de7,1,1,1,1,1,1,1,1,1
6f076bd7534e295a7a9870bcf603a81f,1,1,2,1,1,1,1,1,1
e07df1b576368de561f00d6bbccacf2c,1,2,2,2,1,0,0,1,0
3516c82481d652069ea4d5ab5e082041,4,4,3,4,4,4,5,4,4
d89f2be0f1683b034375f80d446e2407,0,0,0,0,0,0,1,0,0
548590e1e989bb302539aa8ef1e9809c,4,4,3,3,4,3,5,4,3
a7cfc2043ca954c4295c895a39c16d58,3,2,2,3,4,2,4,4,3
ca92b74386b3d80bbcc03defa33adcf9,0,0,0,0,1,0,0,0,0
59d833e569743be1b04d6494358ed3ff,0,0,0,0,0,0,0,0,0
a6186d1386a1b5bb55de5711b293bc26,0,0,0,0,0,0,0,0,1
a04310d441e8d2c7a5066627baeec9b6,1,1,1,1,1,1,1,1,2
17ae9e54799a59930cca9015e503ac07,0,0,0,0,0,0,0,0,0
7493b991594249bb3027be2df62a4dfd,0,0,0,0,0,0,0,0,0
eca989843a1006206f8af3503b71b66c,3,2,2,2,2,2,3,3,3
5d33e6224a522400d7a4bb76e47fcfbf,2,1,1,1,1,1,1,1,2
a5fafb0a3acf7f9e59d4a2549935798a,4,0,3,1,1,4,0,0,0
cbf2dd26a6026868098f999bbbbf7f9b,5,4,4,5,4,5,5,4,5
d8b611006a6b9a4dfd31032107923951,4,4,3,3,4,4,4,4,4
26346b4e789c4f7c871f5f0e689b41d5,5,5,5,5,5,5,5,4,5
2d972bda9d6baa13d47dbcfec586429e,1,4,3,2,2,3,1,0,1
d0acc11d83aab44601a615247aaa1622,5,4,4,5,5,5,5,4,5
98761fc7b42140e02f2bb550dfdacbcb,3,3,4,3,3,4,5,3,4
8b175b733c6b5a19f107d7cd9cdd1b06,4,4,3,3,3,3,3,3,3
413e0e565b4dfd147f7acbf47c3d47ce,0,0,0,0,0,0,0,0,0
8adf4d491430a714d8654e3fee4483d2,3,4,4,3,4,4,3,4,4
0d9ebaacb0ccda0312b5fca401e699c1,2,1,1,1,1,1,1,1,1
b3fab1c957575c820ee26948914a421b,0,0,0,0,0,0,0,0,0
2e8e1273e497a95810ed43ca7eaf09c6,3,4,3,3,3,3,3,3,3
65eeb8a6bb20edfef24a0a9760336819,4,4,4,5,5,4,4,4,5
376a5058f8fcf38a3df4a0c431e974fa,0,0,0,0,0,0,1,0,1
1075cff47acd7b66b405f2d186192ad9,5,5,5,5,5,5,5,5,5
99cc5f5b9f1a86c14dc1970defb07799,1,1,1,1,1,1,2,1,3
2071295e7aaa84c087939f5017e7f7b3,0,0,0,0,0,0,0,0,0
0fee48bfc0a56f57a07134f30f54ca49,3,3,3,3,4,3,3,3,4
5554bf43ed8256dff3a716d9811a7afb,5,5,5,5,5,5,5,5,5
eee4c72a63e67252e0f2a3462a16ea95,4,4,4,4,4,4,5,4,4
abf5960dc8f8c6ba6b9d987a6dc603c0,0,0,0,0,0,0,1,0,1
4648da3952ca9db5259d110694b9ea8d,2,1,1,2,2,1,1,1,2
e6827b24810e6447a2c88eb4661390b4,2,3,2,2,2,2,4,2,2
33b1d7be5b5cc5230d25191ea8305d9a,3,3,3,3,3,4,3,3,3
4cb2407fb053b89d54b59d0ba09aecc1,2,2,2,2,2,2,3,2,2
0b373388b189bee3ef6e320b841264dd,5,5,5,5,5,5,5,5,5
53395078c052e6dcc08cbf8a227ba147,1,1,1,1,0,0,1,0,0
