image_id,true_label,pred_mean,pred_LR-C1.0,pred_LR-C0.1,pred_LR-C10.0,pred_RF-d5,pred_RF-d10,pred_RF-full
5ad2c7349c24ed5c4901522bec9d3077,0,0,0,0,0,0,0,0
96bb7ad81bef9aa7ce0280d7b49b6476,4,0,1,1,1,1,1,1
cb9bc923249b183c8fc5b904f622695e,2,0,3,4,3,1,1,4
f7af5eef3236461e745cd8b81f1cf93b,1,0,1,1,1,0,0,0
f35124ad7e0c9d8537a8e57966c06445,0,0,1,1,1,1,1,1
93c9f7f98f8ecda60b56a601eccc5acc,4,0,3,3,3,5,3,3
20c05ea5426b6c50b857057ad0ef7126,2,0,0,0,0,0,0,0
6f5722cf3b8e5a90dc1e0eff127c4632,0,0,0,0,0,0,0,0
3202735e79f54cef6981c1b481f18859,1,1,1,1,0,0,0,0
632a836af7b82fc1351e5e6955a33c9c,1,0,1,1,1,1,1,0
365966c438c314e225b1c81cccacb187,3,0,3,5,3,3,3,3
de9c84e2aa6dbde04560906d37eab791,2,0,1,1,1,1,1,1
30b055a2178ca6019b4d891dfe253e6f,4,0,1,1,4,1,4,4
5102e1dcf0e7e165bc15966bc8062a12,1,1,1,1,1,1,1,1
3f452dab89968d231cf7730cf8d9178e,2,0,0,0,0,0,0,0
05812e40387f49e4b21a7bfeca0cca2d,3,1,0,0,3,0,3,3
a7f00efad38057d7c04273206366b682,3,0,1,1,1,1,1,1
e8dd1df7bd9dc88018dca26d92558464,0,0,1,1,1,1,1,1
b2d61acebf2a6299968db04c0e43986b,1,0,0,0,0,0,0,0
774c9b631a29f191836b1078a6c3a67c,2,0,3,2,3,1,3,3
26aeae00f116e0b0154b8e9e7df44f28,1,0,0,0,1,0,0,0
54126c6e72a07999bc079390f3af679b,1,0,5,5,5,0,0,5
45e58b0ddd95fcf40dd592e293e301aa,1,1,0,0,0,0,0,0
3b58fcd7537d02088146c3b4d1ba1e38,1,0,5,5,5,0,5,5
6edc4da86334190089f6a093bf258ab6,3,0,0,0,0,0,0,0
39114f65aa3185f05c4921cd2ce081eb,2,0,1,1,1,1,1,1
a3029b2de4339ddae99acfc46c29e11f,0,0,1,1,1,1,1,1
833f70fdc61fdab30bf18459fe1e8304,2,0,1,1,1,1,1,1
baf615ffd44c72e48beebb90dd797b97,4,0,4,5,4,5,5,5
b48211c0c0fba52fcc8d919d03ed005b,5,0,5,5,5,5,5,5
8fb59dad9900993009ec713ff08f7a56,0,0,1,1,1,1,1,1
54883537f4a3ea484ad6465453852466,1,0,1,1,1,1,1,1
36eeee47a868b8ac66b6ece9e6372984,5,0,1,1,1,1,1,1
f0197942d5cd986426ed3550e562d495,0,0,1,1,1,0,0,0
3acfefa2f174d9f3f555cae12f5394ee,4,0,0,0,0,0,0,0
fec8271c64b26205d7fd0a18f2a1dedd,5,0,1,1,1,0,0,0
338e30b609bbf80246203caf63a2f0a0,3,0,5,1,5,1,1,2
391078d7927bd7f6dc07dda3297d62b9,0,2,0,0,0,0,0,0
06a6be84f9a7b7669f27956175566d90,0,1,1,1,1,1,1,1
4c0d7290c72b5495df6c337b1e5dee88,2,0,0,0,0,1,1,1
83ff615957c966e2f9defbc4339196a3,0,0,0,0,0,0,3,3
b677231c72557e88e600d142bd41649a,5,0,1,1,4,1,1,1
30dfff7ddc76129a2a53329c4e52511a,0,0,1,1,1,1,1,1
e8c8f352660c19ffc14a799823c237f2,1,0,1,1,1,1,1,1
4abd945d8f4651d4c8c8204db470a005,1,1,1,1,1,1,0,0
527282598f789e5e0854a7f208016533,1,0,0,0,0,0,0,0
fbb8090f001cfe840cbe84d42e70bab8,0,0,0,0,0,0,0,0
cf6d2d5e9dd37892e7aeb4cd12f76db3,3,0,3,1,3,1,1,1
4f2dd6a27901e34c92e14dc4e853b7e9,0,0,0,0,0,0,0,0
a7baba733c9e351d8938a493e9e96480,1,0,1,1,1,1,1,1
501e4c383b777dd289d4e4f49a6bcf0a,0,0,1,1,1,1,0,0
40b8995e152c9965d198d7edb5932121,0,0,0,0,0,0,0,0
813a9dcf1078efd7086f5fdc2a0a313d,1,0,0,0,0,1,1,0
476f0dfb144aee7d5422dcc3b2b97a9f,1,0,0,0,5,0,0,0
d936397deeda339f9e7ecb5c81c2250a,2,0,1,1,1,2,2,5
60d4bb410d7a6dbbd05b26bc73da2d9c,1,0,1,1,1,1,1,1
4b0b2d8f040c23df6320a2bd64fc85d0,0,0,1,1,1,1,1,1
cf55f513b16209a90e3d71b1f5234c95,5,0,4,1,4,2,2,4
bd95e87048a1d5303af08d98343498aa,1,0,0,0,0,0,0,0
6d2f29ca2f86b7c9cc2ce311df1327ab,1,0,5,5,2,5,5,5
6f8bf6cfb0c020fdfef1ddb79a250464,5,1,0,0,0,0,0,1
b4ec9258133fcb21d9c99fc2ae9d134e,0,1,3,3,3,1,1,1
2b8faa47d6c6e03411386c4a68017794,0,1,0,0,0,0,0,0
20478545f99d3c8cc9d3d262a40bae74,1,1,0,0,0,0,0,0
c9cdb735d0efa9d3199d86a5a298b7b8,5,0,5,5,5,0,0,1
826de79f843dfb942a48c539249aba71,3,0,1,1,1,1,1,1
423cf46064b2e83b62917b06fca7057f,0,2,0,0,0,0,0,0
3e52207d9b9e15dd09d12b56f67d00b4,0,0,1,1,1,1,1,1
6f0935638b47295c4e35008366c8768b,1,0,4,4,4,1,4,4
3d7c76e3d1106d038356561b67b4ac1a,0,1,0,0,0,0,5,5
7d3af9f4ccc93603028c8bcacf2d4dff,5,0,5,5,5,5,5,5
c5e82190f540fb912cc8a96eaf682b58,0,0,1,1,1,1,3,2
d41a958db22d495ee02e9672d1a3e532,0,0,0,0,0,0,1,0
7223b93b01ae684e7f0ee028c8a6ceac,2,0,2,1,2,1,3,3
8b2680234d9dd4ddcf5ba243d96a8a2c,1,1,1,1,1,0,0,0
4ce70385b1b2a8d59d8d52f303e76285,0,0,0,0,0,0,0,0
1163571b3edf666ab3a1dd30686e7530,1,0,3,5,3,5,3,3
09af7bbed13916dc55c9b90279ac1cd6,0,0,1,1,0,1,0,0
c115a53d035363f2cc49ed0b98934b9a,2,0,3,3,3,1,1,1
5667bcf82d6fee7017e4435ba066e1f7,2,0,1,1,1,0,0,0
d5a0675bd4fc5ec1e7f4e255da6d5ea9,1,0,0,0,0,0,0,0
4c9894ef150c2661e2c1ad333542f058,4,0,4,4,4,1,1,1
565b748e64e5f6895bb1abce1a7ec163,0,0,0,0,0,0,0,0
56b4f13d2216fa1eeb2adcb1db711c2b,0,0,0,0,0,0,1,1
93f366029ac746d84ea2aea80cc998e8,1,0,2,3,4,1,1,1
bd6c97b7f40595c43cc6a609f03a442b,0,1,5,5,5,5,5,5
2d5d881e4abedaf2afa83807d93d18b9,0,0,0,0,1,0,0,0
32c85855821eeec7bd0be47969b89680,0,0,1,1,1,2,2,2
9cb13cca3ac6868be386485a3cb6141e,1,1,0,0,0,0,0,0
7ff53392c1d6293b7f90e4dc139977c0,1,0,1,1,1,1,1,1
c2cbc885637a451cb0218a599e1169c1,3,0,1,1,2,1,1,1
102aaf6f71973e1fe82551918255ba58,1,1,0,0,0,0,0,1
70c9a171ceb4ce42717f1e91422cf83f,1,0,0,0,0,0,0,0
69240805aeb7c006dffd474b1253139f,1,0,3,0,3,0,0,0
9f8dfe7b06ca41af4fa89f7deaf3b050,0,0,0,0,0,0,0,0
ff20d2d7c321ffb900fdf00de6d2eefd,4,0,1,1,4,1,1,4
2fdcb544b8c07838dd6bbc0b609e80b6,4,1,0,0,0,0,0,1
a420d76844dd359a2d3a268be4827768,4,1,5,5,5,0,5,5
c176131dc05b4c90d783679433a79244,4,0,1,1,1,1,0,0
9f90111d4dd5c7a7460f83b4953a8a6c,3,0,1,1,5,1,4,5
063db632c0ad279c9602070bea1d8dae,0,0,0,0,0,1,1,1
9f7ee4a75044aace7725bf008d651003,3,0,0,0,0,1,1,1
e96abe7cf94b26fff31bc9d9ab8820f5,3,1,0,0,0,0,0,0
fcf3ef06a3601448061b7b1adda97b89,3,0,1,1,1,1,1,1
76d8f3c423e04492b02311274ebc49ac,3,0,1,0,1,0,0,0
f805582bbe48523bb1f118e4acc4a6af,1,0,4,0,4,1,1,1
ce11c35b78303027cbbf715f48c0817a,2,0,1,1,1,1,1,1
95f50ef561b3a5577c09859dc909fb8d,0,1,1,1,1,1,1,1
46d067b212c4dda9e6f87c8b82f22d79,1,0,0,0,0,0,0,0
cd40065527f49b4473f05e0db148d04a,1,0,0,0,0,0,0,0
607afab0ebabe2ae01a282ebf467a7ee,1,0,5,5,4,5,5,5
e578ab3feca3b43bb261cda8bc2e28a2,3,2,0,0,0,0,0,0
a51ee6c01cc8f18d48a70116f0ffe700,4,0,1,1,1,4,4,4
50467a6acf3c242827713dc6dd1b5836,4,0,0,0,0,0,0,0
a47472a2ba96c2936dacc23b938bd9b6,3,0,5,5,3,5,5,5
b53db1580f4195765d45ddd7c4907e2a,3,0,5,5,5,5,5,5
bfc5aa2abac6018b587819bf87cb1f9a,4,0,5,0,5,0,5,5
67b316fcbdac6392f500c587f2cb2b16,0,0,1,1,1,1,1,1
bb96341b3835968d02a0d02ff4def303,0,0,1,1,1,1,1,1
b5d4713427dfe4ec5f0315f0724d69ea,0,1,0,0,0,0,0,0
4444987df780434b2dba8306b086fd64,1,0,0,0,0,1,1,1
7545bb72e9432d63018ce7cc1c0ad80b,1,0,0,0,4,1,1,5
6b1b56ad6d3f3c7d46a82dbe738cec83,4,0,1,1,1,1,1,1
432589e7402d6d79d3d37131db002d54,2,1,0,0,0,0,0,0
cca03fff371929086f159459f7e7fbb9,1,0,1,1,1,1,1,1
468a129567112962f29931a4f8131587,2,2,1,1,1,1,1,1
45b99a45cfdae3158c6de1062c90055d,4,0,1,1,2,1,1,1
5b2c1fcb4a370400b64df671560fb733,4,0,2,1,2,1,1,2
40be6eabc1be4bd88eabd38aa07ac9ca,0,0,4,5,4,1,4,4
464f8dbd8b906717dd1eb94a344f7262,5,1,4,1,4,1,1,1
691b8d6d8606006ea205fd1189d017f7,2,0,0,0,0,0,0,0
b616fe31986a6609e8efdb30885abb5e,1,0,1,1,1,1,1,1
cdefc4649194000c27f3fa17f936d517,0,1,1,1,1,1,1,2
5af1d8e9aa13f3bf81ee04e9ad72e55d,1,0,1,1,1,1,1,1
0b180497f297ce3ae7bba222099115d7,3,0,1,1,4,1,1,1
8e746b67fa47b5104b9cbe38c1c2014b,4,0,1,1,1,1,1,4
2daec36424a8f2afeaa4aad3d33a1589,5,0,1,1,3,1,3,3
640fe9b2e7bf30c2bd5e5d9c9a4ed258,2,0,0,0,1,0,0,0
90a1a09e8b9543d69f9a90982ef5a789,5,0,5,5,5,5,5,5
08b04f43997889865568c2c0d7bba8ab,3,2,1,1,1,1,1,2
5bb50bb8d8df795210537f17ca113f28,1,0,1,1,1,1,1,0
40b77e31c4eb3d38482d0670f27fd17c,1,0,1,1,1,0,0,0
8fcc3efc049396629dedaf22cb4a1c14,3,0,1,1,1,1,1,1
d2c92272a7d4464173a9488c6d0c41ed,0,1,0,0,0,0,0,0
dd52af5bb1333bb7ce33ed9ca36454b4,2,0,1,1,4,1,4,4
3d4bec36220d43b0af5c5ea0725e9f32,0,0,1,1,1,1,0,0
48bd47168b46db9cc22f1c4cdc1c0ade,0,0,1,1,1,0,0,0
f9cc777d635db7d25aa27e494d56676b,0,2,0,0,0,0,0,0
32ed7a2359cfebfb8db4eb360c784adf,3,2,0,0,0,0,0,0
b987a21400fdf7668214076d0ba9b34c,2,0,5,5,5,1,4,4
26868ac74c4ed809efbae61c6ba15726,0,1,0,0,0,0,0,0
0748aba46621600d1e6b6ec02f90dfe5,2,1,1,1,1,1,1,1
97072543ae9c3b84a7f9ae1cf3dee70c,2,0,0,0,0,0,0,0
528423d80e99a91576623f1772942237,1,0,5,5,5,5,4,4
afcc959577d3801b2e2ae0762347f1d1,4,0,0,0,1,0,0,0
0cb3f826fc871be280fd81ddd875b221,4,0,0,0,0,0,0,3
0ab626bb7e1eb8c7b1eb6ac3fb129349,0,0,0,0,0,0,0,1
5e95f26615d4021740de50892e57e565,3,0,2,2,5,1,5,5
1ab9af72a41c10ab6e385d4fa97b37b4,1,0,0,0,0,0,0,0
513df48401c90bccafdf9546dc25909c,0,0,0,0,0,0,0,0
07d600e3fcbebf7dc75e5335d3563e63,3,0,5,5,5,2,2,2
e46178b5e2098fb3dafa4040c620ece4,1,0,1,1,0,1,1,1
c5a4e4c6224fc6ac14e3e777a04258c1,1,0,1,1,3,1,1,1
716055036e3c107c1531535fbf8f5cf1,3,0,0,0,0,5,3,3
1fc2550b52a90b15a9b20484c012b6dc,3,0,1,1,1,1,1,4
ce9011a24ceb0542202468792438328a,1,0,1,1,1,1,1,1
99b5e6120fe11690a3f36994f2dba580,4,0,5,0,5,0,0,0
67e80d7930675251b17a42baf5920293,3,0,3,1,2,1,1,3
e726a8eac36c3d91c3c4f9edba8ba713,3,0,0,0,5,0,0,0
914e46fc6ac2be2f83511951fb44b6a6,1,0,4,4,4,1,1,5
7ec551736c90480bb8a6fafa54f3bf97,4,0,0,0,1,1,1,1
7480c3f00ec3de5d7dd844522cd8d007,0,2,0,0,0,0,0,0
be548af60fd350e776d30cbf208312bd,1,0,2,2,2,0,0,0
514f766f399e03368682786c5d23f3e8,0,0,0,0,0,0,1,0
5f5fa1cce0a7969903073b2d3242eea3,1,2,0,0,0,0,0,0
a0f29ff13fb03dd08b6aaeaf4bcac6ed,0,1,0,0,0,0,0,0
b400faab1b977e101b1af975fb5b90cb,0,2,0,0,0,0,0,0
13676e50355c7661e2e2745ecbe2cb7a,3,0,2,1,2,1,1,1
8bc819037a6ab2932c227d1ac800102f,0,0,0,0,0,0,0,0
b2b496615dbf9fb305bbc7ad5ac399c5,5,0,5,5,5,2,2,2
607fa473648e6c39d6eeaf4efcd9e898,4,0,0,0,1,1,0,0
c4cba053efafeac85ec882e30ac6e498,1,0,3,3,3,1,1,1
4be06d7d1bc7ea4676a57de44d76f76c,2,0,1,1,1,1,4,4
78ab08388dcb0af78e8692e9e482952a,1,0,1,1,1,1,1,1
efd993cb48dce20304958c45829a3ff8,4,0,0,0,0,0,0,0
01c977c97e2f5543e65e559d98dec93c,3,0,0,0,0,0,0,0
3be2a098025a29cd05098a7457ffa2e0,0,0,3,4,3,5,3,3
5c023def11d24939459afd3e3cb69620,5,0,1,1,1,1,4,4
b1592124fa872ab5ad10d0d5dbf80a30,0,0,5,5,5,5,5,5
b15ee85e92a380eb49fe71b675108ca1,0,1,0,0,0,0,0,0
eebbd95489903a9882da3fc42426d001,2,0,1,1,1,1,1,1
741c3cea01151450aa8a04c021978b70,0,0,3,3,3,0,3,3
d3e23bbcfec0c78ec75c14122e7b7ec0,1,0,1,1,1,1,0,1
fc6e8f4a24257f619a44c3e1a9eacb6f,1,0,1,1,1,1,1,1
be21fab0928a4da30fc59cd46063632e,1,2,0,0,0,0,0,0
29053c264a170a054de97ff356245dfc,5,0,5,5,5,4,4,4
eecf7d092d41484bdbb80ec95f49bb03,5,0,5,5,5,2,2,2
36e1858ce9463be49695c4517cc3855c,1,0,4,4,4,1,1,1
90155f31bd058a8f7b959346103bdc0c,4,0,5,5,5,1,3,3
59bb9950d1b0ae165609203a9bd76383,0,0,2,1,5,0,0,1
50f2942a4d731666067eab3d0bf0011a,4,0,0,0,0,0,0,0
244840885b55826d692012d3bbf8f469,0,1,0,0,0,0,0,0
b0b70caf02e06f4afbffe16737242d81,1,0,0,0,0,0,0,0
a36875e181db085aea379748f6664b10,3,0,3,4,3,1,3,3
817ba7c0a65b2de36daa0dd30f178f4d,1,0,1,1,1,1,1,1
4151b86419c21be19898dd73724a03c3,3,1,0,0,5,0,0,0
915845d6283e37f8855d3ac5c0bcd599,0,0,0,0,4,0,0,0
d6f1c51db42f3d11c7001141d7b417a7,0,0,0,0,0,0,0,0
52f220bec1a2db42fee7a708e957d725,1,0,1,1,2,0,0,0
e19325ebb64adc3293f7173d7a337409,5,0,0,0,4,0,0,0
1832ae9a1efe869a99284ae7f98f744f,1,0,1,1,1,1,1,1
8af0aedd384b877915768fd8e39374f0,2,1,0,0,0,0,0,0
907fa28d598b4f24dd06a41956e97f43,1,0,0,0,1,0,0,0
30fe53074379ef47b2269368ceeb531b,0,0,1,1,1,1,0,0
7e0c79400b0505ee8cabc69bf38029b9,2,1,1,1,1,1,1,1
0e6ba66e0b6faf748d29425b8fef9d79,3,0,5,5,5,5,5,5
0d7666fdc3372c68a080c612081e2b45,0,0,1,1,1,1,1,1
aad4f67da18c05c09584db6539fded5d,4,0,5,5,5,2,2,2
06c686f7bd2d084201d635dcbba1baa7,2,0,1,1,1,1,3,3
c93d4db23236f4e9d44fb3e4966b0bd3,2,0,0,0,0,0,0,0
3f1932eefb6de2c9b6666565a6b93765,2,0,1,1,1,1,2,2
cdbfdbedc6d73c22c8df92b78eaa363d,0,0,0,0,0,1,1,1
e7244a8c3ee9bbb0c934b2f888cc97d2,1,0,1,1,1,0,0,0
9fa1b4e617cbc88646794a6204e2d897,2,1,0,0,0,0,0,0
5af447057c0eb2ca945c12c398f670f9,5,0,1,1,1,1,1,1
9fb1b1d5c26a661f364f46012ede9336,2,0,1,1,1,1,1,1
c1f151640dce9fc4e33569700be7d52d,0,0,0,0,0,0,0,0
9fdc67635e14822c347061fd50f40939,5,0,5,5,5,5,3,3
15a6a06636e0bb96ad2703a64d06fcfc,5,0,4,4,4,1,1,1
89b546943efa4c35011b93b560303933,5,0,3,5,3,5,5,5
6a8bc78952e550d8374655274bf3e0fc,0,1,1,1,1,1,1,1
584dd714859c8d8ac50860e98f36075b,2,1,0,0,0,0,0,0
c9f1703dd6eddf8e8b9cd50e9098265d,4,0,1,1,1,1,2,2
eac2bfcf6b1dd7733ab9e2f31452e5bd,3,0,1,1,1,1,1,1
b13961504ea859ff34a150bc19fed335,4,0,4,4,5,5,5,5
a2a51dc406006d4c31f173c89cee7fee,1,1,1,1,1,1,1,1
e93e6ff8cd84d5be64e8bb408fe8e614,0,0,0,0,0,0,0,0
5c5a01104830e536fb03a7eb9bc02045,0,1,0,0,0,0,0,0
fad0fe747acf40fa1fdba4a7d115d8e4,4,1,0,0,0,0,0,0
9be75d21da501c45d6e6b2f5e859a7a2,0,2,0,0,0,0,0,0
99b39fd0cf009ddf94fa26bdd8636c67,1,0,2,1,2,1,2,3
d2711770cdfacb1f41296664d53a5c51,1,2,1,1,1,1,1,1
c38c3a03cb9f3f3553f20fb6a9a4c70d,3,0,1,1,0,1,1,1
3e732d5a09c2dda7ecdedc6662475e90,5,0,0,0,0,0,0,1
8a415b0e974861fa00ae9d88f9e3b980,5,0,5,5,5,0,0,0
d15706b4cad3b7f87dd260aab604b25e,5,0,2,1,2,1,4,4
37b0ce91b7bdaf3100aae1748009424e,3,0,1,1,1,1,1,1
88ef695f58a55195f0730b4090583f4c,0,1,0,0,0,0,0,0
8b93842839ad38d60ff614c4c2985b96,2,0,1,1,1,3,3,3
21e2ecf1c1b82030c3096263fef8b927,1,0,0,0,0,0,0,0
591a3db736f25c66b1261f01615e599b,4,0,5,5,5,5,4,4
0aa6472328e4807ba54a807b8332da0f,1,0,0,0,0,1,1,1
0d78804d555b81c004df3b681b939ff6,2,1,1,1,1,1,1,1
0da0915a236f2fc98b299d6fdefe7b8b,4,1,5,5,5,0,0,0
e986899266976504f3d5d8c6198b4b25,0,0,0,0,0,0,0,0
b7c1e11deb6156a5a79298b14669b4e1,1,0,1,1,1,1,1,3
77e19d39a45757f4de12589e87d83312,5,2,1,0,1,1,1,1
0896c0e0ee1979a0075927acb663f2a4,0,0,1,1,1,1,1,1
adfcd8070ddb982d9a0e2bff01a681ef,0,2,0,0,0,0,0,0
04c64f01e704712be3de4b5687f9bc9e,1,1,0,0,0,0,0,0
b669e716e27806335a1b9b2082f95bd6,2,0,1,1,1,1,1,1
fb82c346939b35e28571281396eb209f,2,0,3,3,3,5,3,3
0e347f2fd5526d221233e35dacb2f79c,1,1,1,1,1,1,1,1
72e0bd3f347c8619508cbf214024f647,3,0,3,3,2,5,5,4
d23e0709ca64ced49fcba580e93a5b9d,2,2,1,1,1,1,1,1
afd44b28311688efd18669bd0d463ccd,5,0,5,5,5,0,5,4
f07384ef90c301fac9bf8fdc24cb88e8,2,0,0,0,0,0,0,0
a04d7b32a88c1d2f397b67ff083f5313,0,0,1,1,1,1,1,1
c5a4bb3e9ebfbb7762f7fefee9ee6d6a,5,0,5,5,5,5,5,5
83b8997aa1ebef2e386f3daf89226538,2,0,5,5,5,0,0,1
920249b849efbeedab4cbfe37d735404,3,0,5,0,5,1,1,1
87bbc9137ece5aaeef9d67f6abeb99df,0,0,1,1,1,1,1,1
8e244ea370ffdb16c4d50bd271c538a8,5,0,5,5,5,0,5,5
106b34c5c7cef8e43594524c9fd1c999,0,1,0,0,0,0,0,0
6b1b949e02139e6760164a5412a017c6,0,0,0,0,0,0,0,0
2fd30e8bcadfd927b8280fb9d7fdb610,1,1,3,3,3,1,2,2
bd465b5e566f6336037c548644e11e16,0,1,0,0,0,0,0,0
8887984626edc8b93aef010bf8357337,0,1,1,1,1,1,1,1
056990e94a55a9bc73f7ffc0a6f8080f,0,0,0,0,0,0,0,0
ce291e079a6b6725e114af74700e0a0b,4,0,0,0,0,1,1,3
87edb3eb0b79782b9b7eec15dc294872,0,1,0,0,0,0,0,0
a308ca65706ab18e463dbfa9b0c12e3a,4,0,3,3,3,5,5,5
59a32be440fb38bb36d330c7af0c95c3,4,1,1,1,1,1,1,1
c47bb0cc6fcfbd6379299ab3e6a9f07d,3,1,0,0,0,0,0,0
58c9ebcb84cf500f25352367f27fba56,5,0,5,5,5,5,5,5
961ddd3709d84bd6dab09205a1cf5606,4,0,3,3,5,5,3,3
bb0b3a11aafb0768b230a8861d870fd4,5,0,0,0,0,0,0,0
db4f4e9261cf53d2fa74e15514d95680,3,0,0,0,0,1,5,5
71ca19a708b9e60d55b034cc6ab5a978,1,1,1,1,1,1,1,1
1896b63650679d190184e973cb3f2be6,2,1,3,3,4,2,2,2
e89342e55eecf0dd11a1d40f4768c55c,1,1,0,0,0,0,0,0
3188f3061a095a59f0ba6130014a3679,0,1,0,0,0,0,0,0
6525e666ca51cdae0b292dcd0b8e7483,3,0,1,1,1,1,1,1
8c29bd4a2c7e20e6fe58fea5bb27309a,2,1,0,0,0,0,0,0
6b6ee3706f0b7accf8dcb4d85ed46975,4,1,0,0,0,0,0,0
7ffcd16547f539aac56a0a1520b13a06,0,1,0,0,0,0,0,0
4859aea02180c9b02fbd1be4e538240c,2,0,5,5,5,5,2,2
d9fab0dbd3658bb592b14d07a3c167e0,0,2,0,0,0,0,0,0
490a74ec501de5be85b6e2b6d32d8514,4,0,1,1,1,4,4,4
c8b78becc5b3eb17f81bfdbc55d2029e,1,0,1,1,1,1,1,1
9aa0df0ab8a359bb619a18dade394912,0,0,0,0,0,0,0,0
80fb86c27e472624d2f8f5a457da0aa8,0,0,0,0,0,0,0,0
79b91beee42bcf1aa1e5cc91da08f683,1,1,1,1,1,0,1,1
218baaa5430458db80449bcbd66ea11c,2,0,1,1,1,1,1,2
f220b26c6610f8210cf859a46feba5c1,0,1,0,0,0,0,0,0
3a90de04c33ee7bfc0e4005323f1f202,0,0,1,1,1,1,4,4
4f7748b6eb69e97cb9c7d4c00cf3a1d3,0,1,0,0,0,0,0,0
d6948dc2044087d9b547df183328084f,2,0,0,1,0,1,1,1
8271c1f76156a5ba7e5f4f84155dffff,5,1,5,0,5,0,5,5
80a67cf2aac256ea365b1bff603271d9,0,0,0,0,0,1,1,1
eed17c97383c541f6cca658f3482f429,1,0,1,1,1,1,1,1
3a182bad75cc603d81f6b423849fc6a4,5,0,5,4,5,3,3,3
4cf55b23a96f8015915487ff129d585c,5,1,4,0,4,0,1,4
618efc798c3906c2dc60618853c7e2e2,0,0,0,0,0,0,0,0
2ea5a65f8c7316df537b5f8caf4146d3,0,1,0,0,4,0,4,5
f776385879402e2940d3627015c3a58b,3,0,5,5,5,1,1,1
4f06726cf77125734cf939b3ed5978ab,2,0,2,2,2,1,1,1
38abe3550726a4a1f947fd0732ded83d,1,0,0,0,0,0,0,0
42091f4eed10b8f1e636ca353955c086,3,0,1,1,1,0,0,0
5b92b41e8e37f25082dc3062de44c504,0,2,0,0,0,0,0,0
b585478a061c648ffb68be5024574b89,4,0,5,1,5,0,0,0
ab7ff59557145ea102e3d63a77f6a555,1,0,1,1,1,0,0,0
beaab4a58c9ad2c7ee76e96bbcfeca1e,0,0,0,0,0,0,0,0
db9796c2f7f80c5177bfd42386408b9a,3,0,1,1,1,1,1,1
ba878aad9541312659408b23d590d9fe,0,0,1,1,1,1,1,1
3f09402aa669e0e9f91b7f158c8708cc,2,0,0,0,0,1,0,0
bb67046f34a39fc197282a781a32e5cb,1,0,1,1,1,1,4,4
eb7b02d4576ffd98cbb4bb5c79418b3d,0,1,0,0,0,0,0,0
c0097374d10cd4a1da1c4b1e6a86de64,0,0,1,1,1,1,1,1
1ed6debd60ccda239c0f6eb93306ee26,0,0,0,0,0,0,3,3
ee61886bdebe2748009da564edb587cc,3,0,5,5,5,5,5,5
b03acf15d51eac8437639fc77ea84b9f,4,0,5,5,5,5,5,5
296c0eebe031a2dfa58e2921f74354dd,1,0,1,1,1,4,4,4
148121423c7bdd1892bf501a2d5a800b,3,0,2,1,2,0,0,0
259e66de7ab753d9c36797b831ce518e,1,0,1,1,1,1,1,1
b9c08ad54a17440c8901a5d5516a53c6,0,0,1,1,2,0,0,0
2d346d8348eaadb0b8951b85f1024ec2,0,1,1,1,0,1,0,0
391ffc7ec4eefb3d19575a93b7641bcc,0,0,0,0,0,1,0,0
fb22764a4a1546a5660e587f35509281,3,0,1,1,1,1,1,1
7c75a0ddf67f2cca476d51ec8b95d60f,1,0,1,1,1,1,1,1
a7d18581b5402766aacf91d52e6143eb,1,0,5,1,3,1,1,1
b49d1003ec0150bba48386cb761c7975,1,2,1,1,1,1,2,2
7ac43767d5c17c9700f95785ad1cd3d3,1,0,1,1,0,1,1,1
b648dd9ceb6d90df1768261a382ec687,3,0,1,1,1,1,1,1
d1638380152648f1466e4aca9f260d15,1,1,1,1,1,1,1,1
fa1308140eb6aea8c7d91ebebf51073e,0,2,0,0,0,0,0,0
8d1f2fb9f5b3360f9760d2f93a3c7171,0,0,0,0,0,0,0,0
fc99a109bcf480c5db49ebb368ab8eef,0,1,0,0,0,0,0,0
c411cf81bd605e263ea8da3b35d05dac,4,2,1,1,1,1,1,1
aea0dc89fbdd0bbca975eb440b55d3c1,1,1,0,0,0,0,0,0
0c86d570723c4f38b59a5e9678887eac,0,0,0,0,0,0,0,0
2364e13161b373f7d463220e68eea803,5,0,1,0,1,0,3,3
7e059274c3afb96b3a33191c804d5a0f,5,0,5,5,4,5,5,2
f1f74c4aecfa7f9baa760bb992e4c720,4,0,4,4,4,1,3,3
267ba1e851e2ef1c9e6714ad50d09bb7,1,2,0,0,0,0,0,0
05a5622cb79be8e83a265ee80fd52d86,4,0,4,4,4,4,4,4
9d824f1d72e60812b7a165c42e1162ba,1,0,3,5,3,2,2,2
f6c9168b817597a74b8e4e774988d698,5,0,0,0,0,0,0,0
4c278673ab3ea6f8eaee1f311ff68685,1,0,1,1,1,1,1,0
2c8fd1d0ab8640342f6d10a0a54e5279,0,1,1,1,1,1,1,1
65cdcb805fec2c1a88caa6bed1cae86b,1,0,1,1,1,1,1,1
1d8de93e7c638323a0572bbc7e3c927e,3,0,5,5,5,5,5,5
dd6321787f8051811c010050b2d90a55,1,1,1,1,1,1,1,1
92a7876fa3e636c7cae555a615c6c192,1,2,1,1,1,1,1,1
8bdc3910c484c12ed3b0752ab704d539,1,0,1,1,1,1,1,1
367107929408ad6c749310a0f665bdac,5,0,5,1,5,1,1,2
759b9eca357202fc550e17cf10daed11,4,0,4,3,4,4,4,4
ee4ae1f43c02cb515484087ff4a5c300,1,1,1,1,1,1,1,1
39b20d5c2588bafb42c5d6915de11b6b,2,0,1,1,1,0,1,1
105cbd187035503e56605db53600b491,5,0,0,0,0,0,0,0
10d4b2144d1520bf7380ba99940a0093,1,0,1,1,1,1,1,1
087fd9ebfe6fa82728be6c7eabe1d4e4,3,0,1,1,1,1,1,1
ca83118f81f560d2f8a27b80307089c3,4,0,3,5,3,5,5,5
8236be723e0508ca90e57849b2004311,0,0,0,0,0,0,0,0
a027be54eb3b8529540d6b6c90f98a40,0,0,1,1,1,0,0,0
e90c8fb1ab71a448843dfec8f21a15c8,4,1,0,0,0,0,0,0
6c35e7a35598c33026f7d5eb0edbaaf6,1,1,0,0,0,0,0,0
d844c98b020831cd13e0dbed2f72e719,1,1,0,0,0,0,0,0
96f35710cd558b3fd598a2ac159ddf27,0,0,0,0,0,0,0,0
17abbd0b7b7c7aec53ae4e6e14ddeaab,0,1,0,0,0,0,0,0
1722126079d714cbffbe8e199976e0e2,1,0,0,1,1,1,0,0
9effeea56c413b92340b89d1240769c1,4,0,4,4,4,1,4,4
78c5e472a9d41b66a53ac0d2b9be7cae,1,0,1,1,1,1,1,1
38ef6c8f4020a8fd27316f43493aec40,0,0,0,0,0,0,0,0
afeae451e576086d10c45a41545f7212,0,0,0,0,0,0,0,0
83ebc436de663c1259561ecec01d96ed,0,0,0,0,0,0,0,0
6d9a037aa211ac62d0701d625de70904,1,1,3,0,3,0,0,1
6dd5fc9704c89ebdc01692c44c30da14,1,0,1,1,1,1,1,1
4cc466d486f1c68f746711866425db74,5,0,1,1,1,1,0,0
959bfd3628a41ea05df15aae9be26b66,1,0,1,1,1,1,1,1
3b537df59920e10d46f14627abcd3227,1,1,1,1,1,1,1,1
464cd07657f6695896ac14c4d259df5f,2,0,1,1,1,1,1,1
da808179f9d32176f9eb34ede63017e5,1,2,0,0,0,0,0,0
9098b613c1e7dc1e50790bbdaafd4828,3,0,5,3,5,1,3,3
ed8c726eee582f09bbb45d08344f428b,3,0,1,1,1,1,1,1
9cc90be7db3d19f91f43a903142d5bfb,3,0,1,1,4,1,1,1
d80664a6eaea1b0c07e52607f3697c67,0,0,0,0,0,0,0,0
92d63d4d12f72506fc03dd25f0bc776b,0,1,1,1,1,0,0,0
baae8c3655a07ca543a7baa09b29bb52,0,1,0,0,0,0,0,0
6ca9348a09b4bceff7a738ae8b37f369,5,0,1,1,1,1,1,1
2a84040c18505be27e6eaab8b2dce6cd,3,0,0,0,0,0,0,0
80177c3829c0b3551b5f025d4ced0c5d,4,0,1,1,1,0,0,0
060f04c4f2dc67635433dc0c5b878265,4,1,1,1,1,1,1,1
c5b7afdd9e4cd1b13dd545fe28735620,1,1,1,1,3,1,1,1
9f1e83226a062a10ceb16bde5cf1a467,1,1,1,0,1,0,0,3
de61189b0703edb4ba5d9e53f4ce9cc5,0,1,1,1,1,1,1,1
5483378d5b753f44d72b0c415b378529,0,0,1,1,1,1,1,1
c7e159377563c722314bcef3e9537c10,0,1,0,0,0,0,0,0
114db3f43c4ac596ba4e0da70b7afc90,3,0,4,1,4,1,2,2
aecf833bf307570b6dd2b3f8d104e9c6,4,0,1,1,1,1,1,2
80a9fb86cc68aade057a0e680f3e5c0a,5,0,5,0,4,1,5,1
a82f9f71cde84001ecc92ccb09eccb5c,3,0,1,1,1,5,2,1
5f5e76f78d267118638007de70dcc9bb,1,0,0,0,0,0,0,0
c408ca44f9993274b2ae440bd0aa7f29,3,1,0,0,0,0,0,0
d0461ccb7f1b70ee7dc3188422e246d9,0,0,0,0,0,0,0,0
af41a64b57d2f3244cab6f912383a6c1,0,0,3,1,3,1,1,3
5a112beb1fb4921df86062b489f41928,2,0,4,4,5,5,4,4
0bc3b1ea9b5e5af3355cfbd9eb7561a1,3,0,5,5,5,5,5,5
575d03be6128742107c98cb96c2a6f57,0,0,0,0,0,0,0,0
7076140156bc53d5b1f3df9056a30568,1,0,1,1,1,1,1,1
497e1c9755641be4757136f16b8a8fad,3,0,4,5,1,1,4,4
6ddfb4253f74fd12fb9e8dc9e7530c64,0,0,1,1,1,1,1,1
b66da14818c806a8913a205fab8c6037,5,0,1,1,4,1,4,4
9eb2363b7198715afa3afcc85bdd0ba2,1,0,3,3,5,1,4,4
1c63335d177c12cab2b3baa2ccf4c328,3,0,5,5,5,5,5,5
240b648441500e0797a6883cf8b81a8d,1,0,1,1,1,1,1,1
74397f4f4201c4b8c1d7a91da321760e,2,0,1,1,1,0,0,0
5c018c5568dd68ee12ba2e22faf69811,0,1,0,0,0,0,0,0
42fb5621a7efec257508e6b08d959c3f,0,1,0,0,0,0,0,0
294017fb97e4fec299eb8e83fd2d3be2,3,0,5,5,3,2,2,2
ccf54a0693ec67516add9b4218fc3b68,0,1,0,1,0,0,0,0
355ea2cac2adcccab67fb784d5222461,1,0,0,0,0,0,0,0
3b56a9aa8513f7510315549ac025c54c,4,0,5,5,5,3,3,3
ff10f937c3d52eff6ad4dd733f2bc3ac,1,0,1,1,1,1,1,5
8fa7f6ad508c78ef7dbd621d579350b8,3,0,5,5,5,5,5,5
db5eaab164a4b81f27444d1c80bc33ee,0,1,0,0,0,0,0,0
2fe856ea963cd9d023f693db12fe696e,0,1,5,5,5,0,0,5
e1ea9ac9c85d0dbdadcb15aa7623c951,0,0,0,0,0,0,0,0
5c6a9d25b7c602062f4095c2518aa46a,3,0,5,5,5,1,2,2
979eda484717cd406350e95df7862329,2,1,0,0,0,1,1,1
6800198c5e3658d6029ae8a8337267a9,2,0,0,0,0,0,0,0
22cae767983c100daad0bf1f8c87b059,2,0,1,1,1,1,1,1
714fe03e012bb674fd7f3fc8f6763c3e,0,0,0,0,0,0,5,5
369a3711e3d38086b74319999fcf77f5,2,1,0,0,0,0,0,0
3155aef3abdeacd75a4758c212d93e42,2,0,5,5,5,5,5,5
37cbb00ca8f207cb9fde012b0ad7d670,1,0,4,1,4,1,2,2
223a54a99ae228f5ff2dd37df24889c4,1,0,0,0,0,0,1,1
9b92d948f0a8ca765ef5ca7ae650273d,1,0,5,5,4,1,5,2
d0a19a35996817e2b7a5f4c6c35c57be,0,0,0,0,0,0,0,0
62a976bdc21bd2c8a34de5ec3d192857,2,1,5,5,5,0,1,1
fb309a153bd6130905df294059e57c5d,0,0,0,0,0,0,0,0
4600b8e6025b7af1836bedf33e2b5c66,2,0,5,5,5,5,4,4
4e978306ab3277fb0a1d62b802eb1054,0,0,0,5,0,0,0,0
6dbc3f061f2ba35a4d6d370901023de4,1,0,1,1,1,1,1,1
fbec0ff75cf34743b0143538e59c4641,0,0,0,0,0,0,4,4
6cfaf603c5b30bacd9363448ca9fe57f,2,1,0,0,0,0,0,0
f8b3ec914967ad95c62ef0296964394b,0,0,0,0,0,0,0,0
93c3721f35d6693ac28d99f530b78233,0,0,1,4,1,5,4,4
90ca0914d80d3877bb710d95ab9de2be,2,0,0,0,0,0,0,0
41890d6114a8efe1afa054303c9b6b9a,0,0,0,0,0,0,3,3
6132aed76295829095a8ad229f995ced,0,0,0,0,0,0,0,0
ef9853b01c42ddaeaad2b6261652f13e,0,1,0,0,0,1,1,1
1cb70e0b07ae87537d5bc98d2555d7a5,5,2,1,0,1,0,0,0
2fc6bf2ccab59b08bb4b3cb2ee0602d9,3,0,1,1,1,1,4,4
cc749cec9e37b3e141e62a6a33c6eaf3,2,1,0,0,0,1,1,1
666bf9d656d56c45567484764e4e5d70,4,1,1,1,1,1,1,1
dae6cec7cfe92958d8586bd9ac1d7383,1,0,1,1,1,1,1,0
df02f5c5fa4e85f143fef3593167ce62,5,0,1,1,1,1,1,1
a3f49b7a86a44a8d36947ed35d4dc755,1,0,0,0,0,0,0,0
aeec9f0bc83c16e7128b26e41a4d7ff4,4,0,5,5,5,0,4,4
bbb2c6d4f203c71ba63d6ce8048d1ebc,0,0,1,1,1,1,1,1
5e61b98028b2e0014f5686a04c6cb48c,5,0,0,0,0,0,0,1
9e72c86ff601172cb3900d6d57c0ad6c,2,0,1,1,2,0,1,1
89ed4340802efa3106d6aba76341c180,5,0,3,5,3,5,3,5
8488c41966af627575818380e131ffa4,5,0,5,5,5,5,5,5
b9df338c2d3db201e2bd938ddbd1c913,1,0,2,1,2,1,1,1
ea5816321370d9d813bb7107c2ed0074,2,1,0,0,0,0,0,0
9f1f0177237ed9f6c767aa1884abded4,0,1,0,0,0,0,0,0
0981f547380ba7b05772f3e5685b1beb,1,0,1,1,4,1,1,1
090b8c54aa290c2e5e6114cbeddb16bd,2,0,1,1,1,1,1,1
9ce2de72495a68f5728c8b7292f79805,0,1,0,0,0,0,0,0
0bb6facc3ebad1582fca77968ff757c6,0,0,1,1,1,1,1,1
9154ff6a2f46f6ff98c6b62f90b63081,0,2,0,0,0,1,1,1
a53b780941263a252bea531c73f2294d,5,0,1,1,4,1,5,5
7801a3c5f22f0e8e303b27f61059063d,1,0,0,0,0,0,0,1
f36f5d64f33b3a4d7d9756bbd0048cd0,1,1,1,1,1,1,1,0
60cd3ff208f41abe56a6fd7c594dc103,2,0,1,1,1,1,1,1
18a3bb8a5a0e5449d25195eb10804e39,3,0,5,5,5,2,2,2
4c5cf9ea351bb8d1e584631a4d0425c8,0,2,0,0,0,0,0,0
82c289e2fb53713789599f77cf368bc6,4,1,0,0,0,0,0,0
9601e9f2ce0e61c627ec08bdd50d4f53,1,2,0,1,0,0,0,0
12093daa08f6c758c689b8ba4dec2a93,3,0,4,5,4,1,1,2
64ca339ecc5ba72aa4b27a73a163f807,1,0,1,1,1,1,1,1
7bb9269813e03e9e784a87f3a2486f04,1,0,5,5,5,4,4,4
f9c41c926032f8ec5db4c05b86dd2749,4,0,4,1,4,1,1,1
1df557b5c2319b8006f6da4817792d15,0,2,0,0,0,0,0,0
01c669f3f6a18197285bdf357b45d477,2,0,5,5,5,1,5,5
f485571aeef9888bc219a7a5f146cf3a,1,0,1,1,0,1,1,1
0e62a4cba998a03d20295e07ebc30958,4,1,5,5,5,5,5,5
c0b74d23f8502804f3e047ff5129a57b,4,1,5,0,4,0,1,1
52ebb96589e05091e3ec2376f1e90e2b,1,0,1,0,1,0,0,0
a26020fc089bd826b2d3eee48435b5e1,4,0,3,3,3,3,3,3
111b51550e629492736d9a6f26c21456,5,1,5,5,0,0,5,5
cbe148ca500ebddf00d28e37cde97dbf,5,0,1,1,2,1,1,1
3094f0e7f338e708620942f9f939c7cf,0,0,1,1,1,1,1,1
7bc0cca2cee2bf4522192fd5ba79347c,2,0,1,1,1,1,1,1
df3d9c53189dd95a5888480835d341a9,4,0,4,1,4,1,4,4
4ba2c9a9103bbbaa575dfb3b888dc195,0,0,1,1,1,0,1,1
28c2858a4d611799f6748464e1eb825d,5,1,0,0,0,0,0,1
339af1c837c6046bcf11ef8f6ee7a3c3,4,0,4,4,5,4,4,4
e830b99a9330e3fa4feee8ac6f219083,1,0,1,2,1,1,2,2
ff79f700dc97b2fd05d92e56f4b4a815,0,0,0,0,3,0,0,0
b6ce8703574fbdc8bfd6a1df391ce1fe,1,1,1,1,1,1,1,1
bedede7f872907a2f2f04a0681413ce9,0,1,0,0,0,0,0,0
7057c640774c8b672285d0854316d564,1,1,0,1,1,0,0,0
8e777c9f9c3cf64231bef6cdd1fa19d8,1,1,1,1,1,1,1,1
9148ac834e0fda9d90c7cdb797c444b7,0,0,1,0,1,0,1,1
b9af529d72fbbca473b126588296c1e5,0,1,0,1,0,1,1,1
f3273751f723042683d45d00d3880c8c,0,0,0,0,0,0,0,0
773e080a5857ba8c0669c435af2f1095,0,0,1,1,0,4,4,4
9079ffff621fc4e738b65b66587bfa47,5,0,5,0,5,0,5,5
4bdf5f5b4c6230bf40cdd5b56d9529f6,0,1,0,0,0,0,0,0
50d2485d0802f6b27cff432ed6f8be70,5,0,2,1,2,1,1,1
321c9acd852ae2de358f0519adefa413,0,1,0,0,0,0,0,0
61b3752ad80e246f426e82a72ab8f238,1,0,1,1,1,1,1,1
0abc61a1bc7abe47b9e44a9f69979eb0,2,2,1,1,1,0,0,0
39801edf3f3661fdba0ac0f10450efcc,1,0,1,1,1,1,1,1
004f6b3a66189b4e88b6a01ba19d7d31,1,0,0,0,0,0,0,0
c022687b86e4e3eac79381053480e039,1,1,1,1,1,1,1,1
2be84345474f8546c2607c6be750ab0e,1,0,0,0,0,0,0,0
f86f614f61dce71662f527ac82b3170b,2,1,3,3,2,1,1,2
6ce244d5b0b2fba2749fa09ac4b02adb,2,0,0,0,0,0,0,0
30403a9005838f41b3615a20574e398e,1,1,1,0,1,0,0,0
180e2320aefbf3dfecab785446bc555b,5,0,4,5,4,1,4,4
6fac93d389a9e8d4547f4add04f1b440,2,0,1,1,1,1,1,1
49773f4304bd7f8dd38da29dc89b004f,0,1,0,0,0,0,0,0
324f605f884d850b88a4fb5db437eb1c,2,0,1,1,1,1,1,2
69a41dd83be22e8dd84599984bee2d3a,4,0,2,1,2,1,2,2
003046e27c8ead3e3db155780dc5498e,1,2,0,0,0,0,0,0
764ec457d473f52c479f2abbb21ce157,5,1,1,1,1,1,1,1
fcc021adb67098501a473a959211093c,2,0,1,3,1,3,3,3
b3c3c28fdfab12058aab2e7f8a37896a,1,1,1,1,0,1,1,1
1dd5326b67781543971d89e31d32ab9b,3,1,0,0,0,0,1,1
a25f2880d2b6ab6f5fe7496ac083e51a,5,0,5,5,5,0,5,5
f462949a2cc511afbc4e842a44cbe83e,4,0,4,4,5,1,4,5
620a6fbf50a7463ed0a8932782d7b969,3,0,5,5,5,5,5,5
0280f8b612771801229e2dde52371141,1,0,0,0,0,0,0,0
0a75b377181b60efd8278bce0b6260a5,3,0,0,0,1,1,1,1
226579a577a7a7487e97cb9c9a2c3886,0,1,0,0,0,0,0,0
ef7dabd0c4060d46ea36db75136bb57e,4,0,0,0,0,1,0,0
07e81d2eee07982de62cd5b303d19872,0,0,1,1,1,1,1,1
e562ef589d0784d8426c0209bc41de67,1,2,0,0,0,0,0,0
f339d9778d8f95bfe372acb04b0c2d7a,0,2,0,0,0,0,0,0
46f767c8c76697a603e52b56a33f86a0,0,1,1,1,1,0,0,0
46bfacbd9cbb1ec7c4cd069e234cec51,1,1,0,0,0,0,0,0
230276c9065df9cd12014e93151dd52c,1,1,0,0,0,0,0,0
a1697f266e95a820c676d18f380c6ce8,4,0,1,1,1,0,1,1
deda76da7bdfa5c258ae29399f217640,1,2,1,1,1,1,1,1
3aab40b14fab46f52f53a5f85bf8ea34,2,0,1,1,1,0,0,0
e5a3fc40ca910bbf6c4dc912da522e3c,5,0,3,4,3,5,5,5
2d1ab39f0ff6e7285467da5c26750d20,4,1,0,0,0,0,0,0
95e9c34837f160db3ba8e0eddc5c2e80,0,1,0,0,0,0,0,0
18e2d22113d3bf1ef0575c90cb22fde6,1,0,1,1,1,1,1,1
6f86752732ac1a1edc4eb785a9251516,0,0,5,5,5,1,1,0
ad6e90147030566df6b1353432f41662,4,1,1,0,4,0,4,4
da0c4c33709fb5d3372c7e0685b6a767,1,1,0,0,0,0,0,0
e354fd60e3f0333efc94de57c8aec3c2,1,0,1,1,1,0,0,0
9bc0147aa824ade0f679cf44b9d21ccb,1,0,1,1,1,1,1,1
034add55dd7134b7b5893d787eb5a32c,3,0,4,4,3,4,5,3
93e2ce38e743146a128afb9ff3a61383,0,0,1,1,1,0,1,1
3380c3e1993e6ab8c7d6910fb2cabc9f,2,0,1,1,1,1,1,1
531a7f47d8e6e7733e86000e5f793168,5,0,3,5,3,5,5,5
4cca009687e182cad33fd58da6a15b1d,1,0,1,1,1,1,3,3
8efdb7429bd48a9e77862d5af5351267,3,0,1,1,1,1,1,1
e9b16b6a3206f9a26acfb6fbeeab0458,0,0,0,0,0,0,0,0
0277b937ddc8679ae69b3c54bfd714f1,5,0,4,4,4,1,1,1
34159ad757c19c1bded93e4505dc2903,4,0,3,3,3,1,1,3
d6f3c23a4b17f0710ab043f2f85940a6,4,1,0,0,0,0,0,0
3ea2b7849d7ce4fccad168565e8e669e,2,0,4,4,4,5,5,5
1b95a0c32503e4549326e820a57127fd,5,0,5,5,5,2,2,2
afeba5186c7d74ca11169ccc018553d9,1,0,0,0,1,0,0,0
77baa1e549ada2966bd21cb3eb6b5072,3,0,0,0,0,0,1,1
e76c15467a217238e680e38de3128f05,4,0,4,3,4,5,5,5
bc744055e1e8b0da22a2493c6e174fc1,1,0,1,1,1,1,1,1
11fb56dd38d8f4179c702afacbd70d41,1,1,5,5,4,0,5,0
d436e759a2f2a387b85ee7a3f91bfdd7,1,0,1,1,1,0,0,0
000920ad0b612851f8e01bcc880d9b3d,0,1,0,0,0,0,0,0
dec45a32f96c496a9141d49617286870,0,1,5,5,5,5,5,5
c9be1a7720c4ea39b3846d865a9b45a8,4,0,1,1,1,2,2,2
9e0f4a948ca41284a9bfd7eedaa7aad3,2,0,3,0,3,0,0,0
0e1f3c283a5756b1372fc67e5230dd35,1,0,4,0,4,1,2,2
feac91652a1c5accff08217d19116f1c,1,2,0,0,0,1,1,1
b3c456ccff7efb1395391f6aef8d3c08,0,0,0,0,0,0,0,0
2ad16b523a703a18fa164a4d7d12d852,0,2,0,0,0,0,0,0
29bbcff6625bfabb9f01a0c3244980b3,2,0,1,1,0,0,0,0
69676730e88305744485887397538d30,0,0,0,0,0,0,0,0
6166cc11159083920af9b3c14670f8b4,5,0,5,5,5,5,5,3
03d147633edaca0d112520ac2ce6f11d,2,0,1,1,1,1,4,4
1ff4d64bee09dc1b72b7a2adb9dd097a,0,2,0,0,0,0,0,0
bd86f3cec249d54cd3bd64763da8612b,4,0,5,3,5,3,3,3
764e8e5bd4476d6859fae2b16ef6e2cc,1,0,1,1,1,1,1,1
65bf2cc6f9ed1eed86b8e7a908efe834,2,0,5,5,5,5,5,5
39ec527984e5476affd895acee3dafaf,5,2,1,1,1,1,1,1
32b84dbd24b4c2db47ba783d3806b6d0,0,1,0,0,0,0,0,0
8fcd382bc295b5af64cd8706d219de89,1,0,1,1,1,1,1,1
f90b38ef792d1763de8a25d33fdff1cc,1,1,1,1,1,1,1,1
c176d5630828984c57bf0c94751145a8,0,1,0,0,0,0,0,0
e8f50c073a0eadc8a9fb5ff7d2fd8832,0,0,1,1,1,1,1,1
4aac539cdb139eb4549013b591084c4f,0,0,0,0,0,0,0,1
d5eeb98864c5c06106420f8af7b24e8b,3,2,0,0,0,0,1,0
bcba52dc714504edb9b5f464d20653c8,1,1,1,0,1,0,1,3
fef115f8828a75c61be247aa32336a9f,0,0,0,0,0,0,0,0
972205a215810bf6fe377303bfbe80de,0,0,1,0,1,0,1,1
e75ffb74501b1bdd328b0640fe71665b,1,2,0,0,0,1,1,1
42045280ad96d543a1edb099b0b05940,3,2,4,4,4,1,3,3
f1c6299a5b503d6e20d312d459805534,2,0,1,1,1,1,1,1
b4d3c41aba928969a95504bcd3f39c3b,1,0,1,1,1,1,1,1
0b750909b5179cc92b2082a6c5e7ef72,3,0,0,0,0,0,1,1
6b4c77b671e8412d65773f9614816db0,4,1,0,0,0,1,5,5
547f7a62cea4bd7b702c5175b6ce5327,1,0,2,1,2,2,2,4
b5690097b91784e3b0d4487765d5978a,1,0,1,1,1,1,1,1
70084ac115617e9243c963abc3295fac,2,0,5,5,4,5,5,5
053be6185799c8688b4988b7085c7958,2,1,1,1,1,1,1,1
d887469d2d1a490b480e32c145c68469,1,1,0,0,0,0,0,1
05abe25c883d508ecc15b6e857e59f32,5,0,5,5,5,2,2,2
ac7383c33d7b376592a2ebbc512d7493,3,1,0,0,1,0,0,1
a7aabb264c56acdfc440595515cea27a,0,0,1,0,1,0,0,0
8d6d8329cd0bbf6d0356b300f83d6b6a,1,0,5,5,2,1,5,5
1c36c6b2d051fd1952232efb2613808d,4,0,0,0,0,0,5,5
afe7eb15c8438861ca43f2b20dccf260,0,0,0,0,0,0,4,4
006f4d8d3556dd21f6424202c2d294a9,0,1,1,1,1,1,1,2
7df260d73a124534f81a62768190ba8b,2,0,5,5,5,3,3,3
1e73a4d3e89de944a6c309defde99839,4,2,3,1,3,1,1,1
a4a074975f0b90dc193b712d36a38e0c,1,0,0,0,0,1,1,1
f670f645e4f75d7643d077237dea3e05,3,2,0,0,0,0,0,0
aaba5d62daec22bedfc287ec9457f200,1,0,1,1,1,1,1,1
25c5c31bc182f9c26fb4c084e1fa2df4,1,0,1,1,1,1,1,1
e2c1421a3794ba9dc1673c6509628485,0,0,1,1,1,1,1,1
aaaf612f7fec8578ed03e4075b429a21,1,0,3,0,3,0,0,0
bf8add8e1cf28e124aa99ef2d0e15538,5,0,3,5,3,5,5,5
3c87d6e4b488073a424d625d6130dd25,4,0,5,5,4,5,4,4
adf1598730764823258fd781429cd590,1,0,0,0,0,0,0,0
24059c009e9ce9f671be3182eb6e24e3,0,1,0,0,0,0,5,5
0684ccb184e2d459dbc06cb350da4293,1,2,0,0,0,0,0,1
361e1ffe1964442b325efbfb9f682a26,3,0,4,0,4,0,1,1
906a29d46ae1aa8cd2d3b50842646f29,2,1,1,1,1,1,1,1
ee7818bcdaf1b51212aa523778f68ee8,0,0,0,0,0,0,0,0
145ae6f948b36cb450a7eeb9cbac4cfa,5,0,4,1,4,1,1,1
d1c85d62cfd6732c83b4eec70cbfeea4,1,0,0,0,1,0,0,0
5237b4ee431ba2933e6f4b3fcb57ec4d,2,2,0,0,0,0,0,0
af71c423997e01b837567d16bcced649,5,0,5,1,5,1,1,1
90bded96836ea370356065826e6e5824,3,0,4,4,4,3,3,3
031f5ef5b254fbacd6fbd279ebfe5cc0,5,0,1,0,2,0,0,1
9591a44ee456707bdc1def93f0007c35,3,0,0,0,5,0,1,1
8423df90dddd142668c18b6ab5ff7f17,0,1,0,0,0,0,5,5
2a1c3373688904fcabbdeb4a177972f8,1,2,0,0,0,0,0,0
f69847acf7a94039fa4d1fd3bd32ebac,4,0,1,1,1,1,3,3
41785d75132693f972b4f95b0f4e5e95,0,0,1,1,1,1,1,1
48978e6f6ae7bcc2044599737aee9b8d,2,1,0,0,0,0,0,0
681468136874819bea62f9e2e3aae357,0,0,0,0,0,0,0,0
953b9d576b5d252f0e25a866c7a81f0d,1,0,1,1,1,0,0,0
a4a6631cd1b0ff0b8df03675f8debad8,2,0,0,0,0,0,5,5
4dc06a02761e8bc34e417cbf3f53acef,4,2,0,0,0,0,0,0
5895a94c14efb95f4a0369383f64f4ac,4,0,5,0,5,0,3,3
1fbc262d3ebf45b12fda7cd8b6125b0b,4,0,0,0,0,1,1,0
b29e5425308f0f10cded9bb6c75b6049,4,0,0,0,5,0,0,0
27fd3bb44c76fb86e26ca77b4e92f7a0,5,0,5,5,5,5,5,2
0fc7609bce8a244da2acfb417c80db7d,1,2,1,1,1,1,1,1
fe72a97218b149841909d70cd346875a,1,0,1,1,1,1,1,1
cf9442b28b0296a240c1766e910ab08f,3,0,3,5,3,5,5,5
87aa1a48a88f66a9619e32b545b3d2bd,0,0,0,0,0,0,0,0
edd408ac28d172e7c80dbe7aea2ac283,1,0,0,0,0,0,0,0
69093012b7c700d47368bc993df2f2eb,1,1,0,0,0,1,0,0
f99bb1daf05cc696e2e8af6898c89069,2,2,0,0,0,0,0,0
cdfb1827419478497bba249af9b7c6ed,4,0,1,1,1,1,1,1
96ebc7a4719a1f87e0d0c6623e32e48a,4,0,1,1,1,1,0,0
98ba51c7a4ca7316ff1bc776365ca14d,3,0,5,5,5,5,5,5
c321dc296ee2274e9db04e586c7aabf2,4,0,1,1,1,1,1,1
d391b688a24367fdafa1a25a8fd9e6ad,1,0,0,0,0,0,0,0
56595a1d570f2b10b5149b84a4767ce7,0,1,0,0,0,0,0,0
ea625b78a563a172ca499da8f7829261,1,0,1,1,1,1,1,1
699aee467d028cc39214073e2da18871,0,2,0,0,0,0,1,1
caa14fb2f0bbb55d6718f0d090752a32,3,0,4,2,4,2,2,2
1ec8e0f0d006e23ad9ab3686bc6a61e5,1,0,0,0,0,0,0,0
5d7ca212ea70ef050c80f5088155cbf2,0,0,1,1,1,0,0,0
c14f91d31474bf54a1e425d73de92818,4,0,1,1,1,1,1,1
bb2fb7ab470f27bfd02dd9a42b6c5255,0,0,3,5,3,0,0,0
99a853d64658ebefa3f3ad008d4d9fcb,1,1,5,3,5,1,3,3
bddf66c4edd97a2ca159d611ad3039ed,3,0,1,1,1,1,1,3
db6d351561cec54486ab371f4faf3b40,1,1,0,0,0,0,0,0
b31d1678d2148a94702ffa5bd6ac3aba,1,0,5,5,5,2,2,2
3f57013cfe0c23cf57b5039a590b306a,4,0,0,1,1,1,1,1
ef354802197e3eaceeaa43a62e39cf6d,0,0,0,0,0,0,0,0
55ff2653f73181fa930362206357f030,1,0,0,0,0,0,1,1
607c6585bb0b244506f16da4073ef12e,2,0,0,0,0,0,0,0
0f5c20d93b7c6b92fafc26069ebe239b,0,1,0,0,0,0,0,0
99a799d89d57d1dd0b40728a6b7796ee,4,1,2,1,2,2,2,2
6aff87e11871f4ce9682eec497239c71,3,1,1,0,1,0,0,0
957c6cf443a82d55f348284784fe6324,2,0,0,0,0,0,0,0
2b5c8f68994cec1f26e894850ab51704,0,2,1,1,0,1,0,0
2fd7cbd01f3cecb64e915a0a62121cda,0,1,0,0,0,0,5,5
1932ff2c873d7b98914c8bf50a32f263,2,0,3,1,3,1,1,1
ba6440ef35c6feeb3ed6c5b20b8f6b50,1,1,0,0,0,0,0,0
026dcf3b549e8fb23143ea82023f58be,5,0,0,0,0,0,0,0
721690a32ab390374b3f0aba58e0e722,0,0,0,1,0,1,1,0
8b670faa5b39f947705e77fec2068cdc,0,0,1,0,0,0,0,0
6109a474ebb5c73ef1dc5fe36c6f7df2,5,0,5,5,5,5,5,5
886f91a0a9f9a927fe33dbd434397ae5,5,0,3,3,3,3,3,3
669b67af2cab5c7d7cdc569052d13f9d,0,0,0,0,1,0,0,0
466797748ce78808a1f948887f6d494d,5,0,0,0,0,0,0,0
21715a3b533e4bcdd9f189bbd5c234b9,1,0,0,0,0,0,0,0
34d661c988d4a40925060a9a50a4544c,0,1,0,0,0,0,0,0
c517993657aadfd868d6760a5136df94,4,1,2,2,2,1,1,2
b0d088f4fea23e7b17ef4c042f791727,0,0,2,1,2,4,4,4
db8ff1904b4dbb6dced48061856d9849,1,0,1,5,1,5,4,5
cc6cc8edfde85b399233cf8d891de0a0,0,1,0,0,0,0,0,0
ca0aebc5cee6bc82416face9227ea416,0,0,0,0,0,0,4,4
7f50cd92c0f5cca94434fc6165354acd,4,1,0,0,0,0,0,0
b1bbde48882fdba88cdb5b73c4246d8a,2,1,0,0,0,0,0,0
a9de2f159602a6c08dde0551062fb74b,5,0,4,3,4,1,1,1
1d1163f720942d79ca68721d8f634914,0,0,1,1,1,1,1,1
adae03ea908e72c0e179f10f8df094ef,1,1,1,1,1,1,1,1
7ad0a9cb57524268ae0af29962e3b4b0,1,1,0,0,0,0,0,0
bb2def1b86b5ea93316769e51f0facde,5,0,5,5,5,5,3,3
7573282cf721d6997937fe8eb05d5c5f,1,1,1,1,1,1,1,1
1a083757c0cb74de08e3c02376732459,2,0,1,5,1,1,0,0
c84a6b64601ebd34c101f2135be353dc,0,0,1,1,1,1,1,1
281b539a237756ce1b75fcd7ac2a27de,0,0,0,0,0,0,0,0
1ebc8e2c122b49ce263fdd8d7839b029,5,1,0,0,0,0,0,0
e9db6929c47c3ce5ea489a1187e7e669,2,0,5,5,3,1,4,4
e63f31b23d81011340b12022892f7b27,2,1,1,1,1,1,1,1
9800153dd8ccd37fc5453f60e6c77a78,5,0,5,5,5,5,5,5
608f07ff22fd563f5562c3d11d1dd602,1,0,1,1,1,1,1,3
833808e99964a029c6d6fc2bc156fad2,4,0,4,5,4,4,4,4
46f1c6a77e6de339e042fbb6334ae713,0,1,3,0,3,1,0,5
e2168717e1a63f3fe37bf55749216247,2,0,0,0,0,0,1,1
7989dc8593e576e3c44df1054d5d4686,0,0,0,0,0,0,0,0
4c2cd386eaccb895f13687d0bb37c5aa,5,0,1,1,1,1,1,1
c2097792be4e003096aada72e7317a66,3,0,5,5,3,5,3,3
9d931784c507a8633fdc623cc916d8d3,0,1,0,0,0,1,1,1
7f45ba0429a60566e49ba186da979c6c,0,2,0,0,0,1,1,1
f0098375c984c08db1a94086d80e7f27,5,0,4,0,4,0,0,0
10cc280acc57c3653201a07bc07ba6a9,4,0,3,1,3,1,1,1
548a1b47c6c3d002e1fab2d2959404db,4,1,5,0,5,0,0,0
ab7efde9d27f2e403ce778a9df21f8b1,0,2,0,0,0,0,0,0
9d4c5ce00066b0d774020a40d307c974,0,0,1,1,1,1,1,1
b18d48f225df58944721b5b7ed123313,4,0,1,1,1,1,1,1
64e7f3ba0ab29790d1ad571eed45f655,4,0,4,1,4,1,5,5
447ecc048098b19ca337690c94c59f0c,0,0,1,1,1,1,1,1
8e393fd8642026c8c4b899d7ddeadcf4,4,0,3,3,3,3,3,3
a712e62023246ce138c377b93660ee69,0,0,0,0,0,0,0,0
db50ae671fd181d31c89728e6a71e582,5,0,5,5,5,5,4,4
53dfff0cecd06c15f600d334e7324b78,3,0,3,5,3,4,4,2
0c77c44639718bde0513e97205b413a0,0,2,0,0,0,0,0,0
fd545ee9fe42ed0eeb216fd4be3af3d2,5,0,1,1,1,1,1,1
3eb78cf9f0a6b4e56e8299d79ab0c1bf,0,0,1,1,1,1,1,1
d8c9f66055f7d4efda021bee79e71a9c,1,0,1,1,1,1,1,1
916fdbaf13e4d2cf296f9b4298509fba,0,2,0,0,0,0,0,0
1eac3c664f2d65ed9aa575797fa5a682,4,0,5,5,5,5,5,5
7210b7dabbf6bd66ebb88d9398713997,1,0,1,1,1,1,1,1
453dc2fc4fc4115d00bf6a44d4311952,2,0,1,1,1,1,1,1
66ac9acd0174425c2ad47448fc55ca45,2,1,2,2,0,1,1,1
4031bad3ffbcd79f42330f3853bec9b2,4,1,0,0,0,0,4,4
e3c973ccb8b37ad37da0acd96be64830,2,0,1,1,1,1,0,0
51dabbb3c216c71fa662fbad9f947939,4,0,4,4,4,1,4,4
554970412cd2907b5a93ee5ec013965e,2,0,4,4,4,1,4,4
ef90c7ae4c721fac2c3052f8e7769627,1,1,0,0,0,0,0,0
389758c9e3aad00e774d581150f372db,3,0,3,1,3,1,1,1
0bdbe5375568e1df2ac1f3aa984081e4,1,0,0,0,3,0,0,0
658be675223ffa5509203009eb7bba89,3,0,3,5,3,3,3,3
d676b91a71d8ae3b864b99a331d04377,4,0,1,1,1,1,1,1
dd780edac742469da23a84d4267163b3,0,0,0,0,0,0,0,0
cffe816dc2dae6fb3f918ed68148d26a,5,0,0,0,0,0,0,0
f4cbbd96fcb39c34811b9323dad237fe,2,0,1,1,1,1,1,1
f0f6097376bf887f51d552bd033ae5d7,2,0,3,1,3,1,1,1
95deb0caf878d715c1a497a77abbd6d9,2,0,1,1,1,1,1,1
b23fa1eb9b60a23d45c43df4c20e180e,2,0,5,5,5,5,4,5
fa7ece1587e37e28416110063cc5266a,0,0,2,1,2,0,0,0
6ba839880ad95ee09f255d5763add5c8,0,0,0,0,0,0,0,0
b28d4d6124a0ac2910a1629df758cc37,4,0,0,0,0,1,1,1
79a741c8d6157f85a761d3de05986311,1,1,0,0,0,0,0,0
c33af8c4a420e085d513136c23876dfd,1,0,1,1,1,1,1,4
223e76d88f565a91aea53f9192940561,1,0,4,5,4,2,2,2
4d16a16f6528437aac495b6428d9bf61,5,1,0,0,0,0,0,0
9e3843c81ae2badfb22d9a46813d4470,0,1,0,0,4,0,0,0
39026a5b4f7486acd7ab9d02482ff69b,0,0,3,3,4,1,3,3
b5f2a078a28c53e5271044868a80a74f,1,0,1,1,1,1,1,0
b0db6c7062db390ce41581728f2ef122,5,1,4,0,4,0,0,0
f584978dc639c48313cbc8b991c769ad,0,0,2,0,2,0,1,1
9b4216a9961382139d571fb45e4652bb,0,0,0,0,0,0,0,0
2cf4acada2a853e1415674e8e04da605,0,2,0,0,0,0,0,0
1dc7abaf979206e3c54f6f03072ed941,2,0,0,0,0,0,0,0
e76cc2d3737dbc26679c44b4deb9ba94,1,2,0,1,0,1,1,1
613d47883d333e9a07f1347ffc64e7ab,1,2,0,0,0,1,1,1
5c707b3792821638b84b524ef9ad3d4e,5,0,5,5,5,5,5,5
d56b812ee937874f4db8f96e8346828a,0,0,0,0,0,0,0,0
4e38e2f4a243c8638d2a3077a5d4f6c5,4,1,0,0,3,0,0,0
e1cbad247a96593f8ea911d0edd8cfcb,0,0,0,0,0,0,0,0
35ed1771bce6ba956d39ff28c71ac2f0,1,0,1,1,1,0,0,0
3b82f3a80bd8bef6a0353a4443185c4e,5,0,4,4,4,2,2,2
17ce197283f339f4ab406de74d03f6b2,4,0,0,0,0,0,0,0
f5bed5601a8e1f32043ff77755d957d0,0,1,0,0,0,0,0,0
316a926df7392be710915fdaaebbf18b,0,0,0,0,5,0,0,0
91c2e90cf320a9e3cbaeee14fd3b44e3,3,0,5,5,3,3,3,3
8e3d3a5d3a5cae900595db0f9f5df6bb,0,0,1,1,1,1,1,1
baf9bcfaaaf14467f766dcad728948da,1,0,1,1,1,0,0,0
da15226ed2a9ca5a83e831a9c57f5380,0,0,0,0,0,0,0,0
470fe78b3e1c56bc1117d440c92b8c8f,0,1,0,0,0,0,0,0
e31144c075410954862f7fde0acacfe2,0,0,0,0,0,1,1,1
63a41234a703cd382686631e0dde6986,5,0,3,1,3,4,4,4
db49e2f1ea7eed440df4003c40bd80e3,0,1,0,0,0,0,4,4
d823184dded7ed43bf7b5515861ca0b9,1,0,0,0,0,0,0,0
915dd7918f5bbd16aa1ec7a677dcfe13,1,0,3,1,3,1,4,4
86d4621be3deca4f8d461e3abce7d585,4,0,1,1,1,1,0,0
677998d30fbf0b08e100dc31f2fcc0ee,3,0,5,5,5,2,2,5
a8efd93f48e458673c4069a36c757173,1,0,0,0,0,0,0,0
340a470bf7a9667523386de85bafa32f,2,0,0,0,0,0,0,0
b9f5c7310c0c300f7a116a6fabfbdebc,4,1,1,1,1,1,1,1
fd73fb132d70187e69bc0638323b0ef9,4,0,5,5,5,5,5,5
76d1bcd4b79d27c2171a0d6107b31349,2,1,0,0,0,0,0,0
d9a494fcb29c6ba23b0842b682772b85,1,0,0,0,0,0,0,0
ecebd05f42f575630c79ca2c759246c4,0,1,1,1,1,1,0,0
d9471d56985f343c8f300d622628ffaf,1,0,1,1,1,1,1,1
cfb29a1c64c1c59c8f4837bab2d285d7,0,0,0,0,0,0,0,0
b55ebab767215763af3351cde52fc402,3,0,1,1,1,1,1,1
ac958e777983e02bdd9f1037e2cc3f1b,3,0,1,1,1,0,1,1
be636d17226e4adfd7ee577877591cac,0,0,5,5,5,5,5,5
c84fea3b1bf5a15085976b66ba0877dc,3,0,1,1,1,1,2,2
32137f2c309e98e70a78da4cd1382663,0,0,0,0,0,0,1,1
acd9afcc1ca7c5ad56bf3a16f831b291,0,0,0,0,0,0,0,0
19638106770d8d0494e4d1ccf64e1662,0,1,0,0,0,0,0,0
593ebf6ab700617588d4570293721619,4,0,5,5,5,5,5,5
aef2f50710677c1204538d88d3475e63,1,0,0,0,0,0,0,1
a7f12fc7f665bc039d7eb3c4b08bc1c4,4,0,1,1,1,1,1,1
ac9d05fa3f4fafb474fb96f9f8ab71ac,0,1,0,0,0,0,0,0
61438d817416236c69bb72a66d938129,0,0,0,0,0,0,0,0
62c9db4e05a648c8795ae51a49003906,0,0,0,0,0,0,0,0
41a2f4193aa1effcd56bac44e7affb03,0,0,5,5,5,5,5,5
04952a4d6f0309a8a317a56ad88d9145,0,0,0,0,0,0,0,0
54d6c9c73ffff3037136f02ad78da625,1,0,0,0,0,0,0,0
cd452ef8c793e13a8caae24e65701f3a,2,0,0,0,0,0,0,0
052d30c6787716383b5789d5711e6d65,0,1,0,0,0,0,0,0
e3a34f11358350448279e275774a0263,4,1,0,0,0,0,0,0
c233195538478fb7ec3798156104d43e,1,0,1,1,1,1,1,2
a5e35549c722d53da64190d30859d7f3,1,0,4,4,4,1,1,1
4b28ff0e84c4466e745db60b493b41fa,1,0,0,0,0,0,0,0
6b47d60ee262e38e5bf082837c3ca24d,5,0,0,0,0,0,0,0
012f41e5276e881af134c1ae218455cf,1,0,1,1,1,1,1,1
3737e0d7e43e1b09167f4036e9cc414b,0,1,1,1,1,1,1,1
82e968eacc5a5abf71fa6cefb97c0910,5,1,1,1,1,1,1,1
701ecb67f445ec65085f3cd4bef9f872,0,2,0,0,0,0,0,0
e84a9aadb35ccba696e45cc79779525e,5,1,1,0,1,0,0,0
4607eab3c100ba73a7815b20fb2f3cdb,0,0,0,0,1,0,0,1
9d1bda4d28af5a9f5d1d96833cec1728,2,0,4,1,4,1,5,5
6cd581a4c4e0314e1479c0c4a24f4eb3,2,1,3,1,3,1,1,1
1f48036fcc122a364b5d8becb60aa240,2,0,1,1,1,1,1,1
0bb772b06c9e3cd1914e31b509556ebf,4,2,4,5,4,1,1,3
1abb6882a5cba3d9c166736825bbe101,0,1,0,0,0,0,0,0
c35fc589e87f909cca09c2d7334cff5f,1,1,1,1,1,1,1,1
1570eb633e568a39a3da4477f9620c5d,0,0,0,0,0,0,0,0
1f7d9fb7fcfae8b5c2395fb7dd5222f3,1,0,0,0,0,0,0,0
7919e7ed6bda1f641e5b7918d793edd4,0,0,0,0,0,0,0,0
7fb8cd030a3f7a8f3c5e75868f703acd,1,1,1,0,1,0,1,1
01faa9d3bc7a2464c7b6d71ea904970f,1,0,0,0,0,1,0,2
b399c54dd9f6ee4add1b4a21dbdbf6f6,2,0,1,1,1,1,1,4
98a3c3ff00d219ad6bdbf763af34f03e,5,0,1,1,2,1,2,3
275d62217ae06ac7e773c5cd2d568832,0,0,0,0,0,0,0,0
3bec458737cfadd414c267ce0200c941,0,1,0,0,0,0,0,0
e3306507fac36d68ea6c6e20bda23200,1,0,1,1,1,1,0,0
4ebbb0e1da2ee61497432d8410567368,4,0,4,4,4,1,1,1
befafdac95e8e497f11df8c2d997a989,0,0,0,0,0,0,0,0
2504201b348be545fcf6c73ecce13532,0,1,5,5,5,0,5,5
ef9aa642a7b1367d7202d3cec44dbcdb,1,1,1,1,1,0,0,0
14be156bb67b73f034b0c326e4b973d0,0,0,3,1,3,2,2,2
b4543b24750d5bec27fb4918d0a4d543,1,0,0,0,0,0,0,0
473fe1a74a91897154a200ceaa48b4c3,1,2,0,1,0,1,0,0
b24c9a61f01ad6ce5006ce9d06d1666f,1,0,1,1,1,1,1,1
1894dd1e67ddfc62a309e78ef7ffc5e3,0,1,0,0,0,0,0,0
5121187bc98e8e74d926c47644cdcf7b,1,0,5,5,5,5,2,2
320543392885dbaff272faaae7657749,2,0,1,1,1,1,1,0
b17e49275305849c5820c0e2976c245a,4,0,5,1,5,1,1,1
b8f8ccffefda42fbe46878921e9d1194,1,0,1,1,1,1,1,1
fd2c0fd3dccaa4eb53ac8cae0a366969,3,0,1,1,1,1,4,4
75423e7c7aec5ed80bc70b62e9ff62c0,3,0,5,1,5,0,5,5
a03e7ddadc046c8eaa40c95e416ad0a8,3,1,0,0,0,0,0,0
d0e4a4827c5ce9d7cc92f05e25674b71,0,0,4,0,4,1,1,1
898285bbfe20c9dc5ce9238a9cc6510f,5,0,2,1,5,1,2,2
41cb4989ff5f99e7fee7af7e666e8319,5,1,5,5,5,5,5,0
f781b917555e1c9f7be865081d1daf7c,4,0,1,1,1,3,3,3
15a542e51a3c58da002695eed33a1511,0,0,0,0,0,0,0,0
ee810ac96bd9f15f5e06c372f6908c8c,0,1,0,0,0,0,0,0
3eb6557970969fb02f3429f7ba779c4c,2,0,5,5,5,0,5,5
f3dcef8ce7e98c1f6dd6311a5fc7a5ed,1,0,1,1,1,1,1,1
2384f9b394b4aebf46feef7bda01efdb,2,0,1,1,1,1,1,1
7fb53b604b22a738ee3be852cdd84f14,2,1,1,1,1,1,1,1
07aa24f15ce062d65979b6a8bc7eb3f0,5,0,4,1,5,1,5,5
95c2d3c62a1958314c31967600e736ee,0,2,1,1,1,1,1,1
b93fe47e90403bccd91da0fa479dbb2e,1,0,1,1,1,1,1,1
38915115592f1775fb6506b4dc039250,0,0,5,5,5,0,5,5
4b9636cb1e3f5012072099379e9af72e,0,0,0,0,0,0,0,1
c5d6646dda31ee94cf4bbfef14e08e76,4,1,0,0,0,0,0,0
4329ecc226ab6eaac30528500da78995,0,2,0,0,1,0,0,0
f8398798a9dcd88e7475154488b11a1a,1,0,0,0,0,0,0,0
7453f914420e9b89a68dae903210b8b8,2,0,5,5,5,5,5,3
fb61630580f124fe00a2b7816cd483a1,4,0,4,5,4,1,4,4
afa5ed8df00c981e8e4db6ba7799472c,1,0,0,0,0,0,0,0
0ecca6926d339cd17e1c3bdb3a6bdc18,2,0,0,0,0,0,0,0
ab751c7c6887d27377f5a3bb09deaee9,3,0,1,1,1,1,1,1
825c8dd05f247898e8a10cd19118805c,1,0,5,5,5,1,5,5
eb15bfa8f37ebcbd3bf26ea07060f491,3,0,0,0,0,0,0,0
54515690660c4f26e7d466d569220fac,2,0,4,0,4,1,5,5
5b6880bd0d0243579b07908e268d76ff,4,0,1,1,1,1,0,0
228e60ce9785add71bcd377e0c6fafa9,1,0,1,0,1,0,0,0
ca66a5c35e8d7f0e026086d58922aca7,5,0,1,1,1,1,0,0
64c46cb52749df98dafa527d439fa606,3,0,4,4,4,1,4,4
a996595380b54dc905dba46b751ec82f,2,2,0,0,0,1,1,0
c0dbbf2b29da2ef0cab6bc7032e7ac92,5,0,5,5,5,5,5,5
755150712ebcc2df72627e68797009cd,0,0,1,1,1,4,4,1
b00dac3a80f778f595eef444b51a1e07,2,0,1,1,1,1,1,1
92ac748f5a590d8cb9862869c56ce0fc,1,0,0,0,0,0,0,0
5ba5c62518b86d2f6ac2f6f31e38c23f,0,0,0,0,0,0,1,1
2006437aaa412947ebfe92fd61c62a18,1,0,1,1,1,1,1,1
c415d5066e843809c2e74381c391cb7e,3,0,5,5,5,3,2,3
f13eb7c6b71d6346bd1421117b18ff3d,5,0,1,1,1,1,1,1
fd1deb6f87696b6372ea9c9b109b4ccf,0,2,1,1,1,0,0,0
d85e14b5f57f220ccd80ca6f02f6b56b,4,0,4,4,4,1,1,1
b5297d30a038e4e6fa6bdb76a29a1582,1,0,0,0,0,0,1,1
6259bdf29094e9a832bb47b970ff8cce,5,0,1,1,1,1,1,1
929cb4d0ec760882129e1853b335af17,4,0,2,0,2,2,2,2
c767fb0d83832198876f1ebbc908707d,1,1,1,1,1,1,1,0
8a4f3f6ba6b4107029e77e1b1b75c069,1,0,1,1,1,1,1,1
b6f1c3c748055235a8130ee71f4d3efa,0,1,2,0,2,1,2,2
12d5dea1bb9e690b0a7d2b541b3d2145,3,0,1,1,1,1,1,4
603d87fc24c27eb0abf8d363b2fba941,0,0,0,0,0,0,0,0
bde1eb4986f82c9cd031689fa8f5084e,0,0,0,0,0,0,0,0
45a7e6d72747faea42960c2f8d8b87ad,1,0,0,0,0,0,0,0
b2fae9c1a4c6991d1d01c1fb6df00476,2,0,1,1,3,2,2,2
df12d6ee0acc0f9ac57749e68c2c3ab1,1,2,1,1,1,1,1,1
9459f98d4b344c82d5c9b45a7af81b53,0,1,0,0,0,0,0,0
63ec04bc1c32dd36fc1bfa2846a0c98f,3,0,1,1,1,1,1,4
1ba43868a64036f2ad3b2cbc2a982f97,0,1,1,1,1,0,0,0
e877ea3e61db21b1a35468e9fcbf80cc,2,0,0,0,0,0,0,0
0eebae52fb7dd8f6423aec7f5e3d4f3a,1,1,0,0,0,0,0,0
43b6a97c91c43fd8cd8a66210e2dfce5,1,1,0,0,0,0,4,4
1bad13504eda64538804494754164afd,2,2,0,0,0,0,0,0
2f6d2360db534d012b0d7535f7bc4528,5,0,5,5,5,5,5,5
cd0583471a9efd1eaf916a2c0ec79ca4,1,2,0,0,0,0,0,0
3e8bd1b2ba7150e058216de2fe2bb3fc,4,0,4,2,4,1,3,3
b13c24842ac86c448a3c9b846a1e13d2,2,0,1,1,1,1,1,1
58d791d4597f6ad6c0f041d9e474f195,1,0,0,0,0,0,0,0
9158baf42019752ef196d31796e7a768,5,0,5,5,5,5,5,5
91da6390f18abade4b2f30ca2b0a9156,1,0,1,1,1,1,1,1
2f9ffca172b0c51947b406ad19c4ea94,4,0,1,1,1,1,1,1
80b59404657a6290a06e8902430be7fc,0,0,4,4,0,1,0,0
f2f22139dfe311f57ecc1726f35c5802,2,0,1,1,1,1,1,1
17b83466a22a8a96ccf3a7cccd83068f,0,0,1,1,1,1,1,1
fe5717205561fb01917f7e1a27ddc2a9,1,0,0,0,0,0,0,0
e751701e415e67adf2496bba14863d34,4,0,1,1,1,1,1,1
72b1b91e6f808255aaa8ea7af6d84a7c,1,0,1,1,1,1,1,1
cae520ae95d1e52de8b6df570d995a11,0,0,0,0,0,1,1,1
f079a9a9d4c30cbdc55917df9f5f6541,5,0,0,0,0,0,0,0
b14c47385cf8f325e15a9260490c2bb6,3,0,4,1,4,1,1,1
f1a4cd89870013b5ce65a6cae77a6b0b,0,0,0,0,0,0,0,0
5d04a3fbf6bc76e526f4d1c3d763229f,0,0,0,0,0,0,0,0
68e6f2bbdbb308624ed004484a1da2b8,0,1,0,1,0,1,1,1
c7e47afdac1930aadc6630b2ffdb161b,2,0,5,0,5,0,3,3
70f608a3fafa4e75e3201a78962109b0,1,0,0,0,0,1,1,5
448c6141f62a4571531991cde88eb331,1,0,1,1,0,1,1,1
03849b0243900d79446bb27849dc0bb2,1,0,0,0,0,0,0,0
78d0d8888cb53a305dd5931d7cdb84eb,0,0,0,0,0,0,0,0
7f153e8ad8fff37222bb530d9bfb3a23,1,0,0,0,0,0,1,1
a8989e31dbf651ce7abfb4dfe87827ea,0,0,1,1,1,1,1,1
ac46e4ee5b43c383cbea6287ea67c3bb,0,1,1,1,1,1,1,1
704a213fd13aa5e59c4fcf5c84723e57,5,0,1,1,1,1,1,3
0ebca9447d84a555740f21ef4c585bd6,1,0,1,1,1,1,2,2
aaa5732cd49bffddf0d2b7d36fbb0a83,1,2,1,1,1,1,0,0
958b673142f168452d11347144168cd1,0,0,0,0,0,0,0,0
b3700db879579fef7adf134941382daf,1,0,3,1,3,0,3,3
544a71ab7a8564bf9af28402c82d70b7,0,0,0,0,0,0,0,0
294ceada24790459c1b9d4392fb07f4c,5,0,2,0,5,0,0,0
e43ae1ef2cda811070e2c0a6d6154150,3,0,5,5,5,2,2,5
d824fb0c3c990c807b57825f66716839,2,0,1,1,1,1,1,1
a9a2bdda9278e216b19a3a948f4f29ad,0,0,0,0,0,0,0,0
4f690871ae38d75644925db80178e0aa,5,0,0,0,2,0,0,0
fabe5282ca5ee140225209da7de823df,4,0,1,1,1,1,1,1
cb64b562b53fad75ad9a575bb9150c00,5,0,5,5,4,5,5,5
fa33d8e17c61c79a65034494d37fa4a7,1,0,2,2,2,1,1,1
b11087a73392df3c8b07abea19b5c3cb,1,1,0,0,0,0,0,0
431054766be0a31b6a652aa5d1caea41,4,0,3,3,3,5,5,5
7b8d2f39e387bc0a54504377f8318247,3,0,5,5,5,0,5,5
26b5257856e96a2a3d3d3e681ae13aa1,5,0,3,3,3,1,1,1
cdf40333dfe2afec1a4c54d9eeb1ec7a,1,0,0,0,0,0,0,0
bd6f8389b1d1f39c832d30ab4df72816,5,0,1,0,1,1,1,1
1dfa9e0e91f817fbd98ae93fc20d6255,5,0,1,0,1,0,1,1
3111867f5335731289a4feb3db5644b7,2,0,5,5,5,2,2,2
b6b310cbbe944d7bbe95811a2a6178ae,3,0,0,0,0,0,0,0
3109bea8f9be6a92c492ccf55c2ec5a1,3,1,0,0,1,0,0,0
214419f1697f9b376b6f18b7965d8aa7,0,0,0,0,0,0,0,0
430d7fb12afa81a367453073a1dd899f,2,0,4,4,4,1,5,5
da610fb22e9ba742ebb7a9117b2f24cc,2,0,5,5,5,5,5,5
1443a8d2509ecfda39e42fe18ce2d864,2,0,5,5,5,5,5,5
ef5227e7037bb4e8c9f213056f135f3e,0,0,1,1,1,1,1,1
4b52b93ed731f336f444a24e1bf2dca2,3,0,1,1,1,1,1,1
30515517119578d33d884c8bba103079,4,0,1,1,1,4,4,4
14cfeff25aa96b156a952fae9669162c,3,0,4,0,3,1,1,3
191e83ee04803d8fa8b5c43f0fde09c1,1,0,1,1,1,0,0,1
756d99387536d5721fcf4cf590627179,0,1,0,0,0,0,0,0
c4a30ab614d7d3e37e99434341191331,4,0,5,5,5,0,4,4
046b35ae95374bfb48cdca8d7c83233f,5,1,0,0,1,0,0,0
589fb4c43782864aa69fb1b7d08abe1c,3,0,5,1,4,1,2,2
3b596f8a7757d68bf9d4cc68015d9a82,0,0,0,0,0,0,0,0
148b753bb4a61f27bc4f17c6d123e1ec,1,0,5,5,5,1,2,2
efe82d2ca33e6463e5b5b5dd46e1ce34,1,1,0,0,0,0,0,0
1065338563d9c597516c2aa684329554,4,0,0,0,0,1,1,1
8cd313b5545fa75f9a7dd0273e17c568,5,0,1,4,1,4,4,4
25397c3a483ae10a695772a7c5ce8f8f,0,0,1,1,1,1,1,1
bf76a6ee6ce516c2222395ec55e90917,2,1,1,1,1,1,2,2
1af858c67cfccebbfeade00d3481254c,1,0,1,1,1,0,0,0
57e625f31af9400c35f881ede09c1ac5,0,0,1,1,1,1,0,0
99a7a8c490db6494b855a35f3f248e86,1,0,1,1,1,0,0,0
88fcb6de1ead418b238f198a635179c0,4,0,5,5,5,5,5,5
dc2d99579fbc26a3f92ed835cc944f6d,1,0,1,1,1,1,1,1
b0ee38976e71dfbfba705974713ee612,3,0,4,4,4,5,4,4
415003c963bf2f51f949fed42d5d7220,3,0,4,5,4,2,2,2
d7f13cf51705adfe64e2b31c332409ca,0,1,0,0,0,0,0,0
804faf47d835837cca59bc56dd9ddbd5,0,0,0,0,0,0,0,0
d874fa822ef1370253f2e72f8d9b483f,3,1,3,3,3,1,2,2
e3177c4430b780c973ef857a320a211d,4,1,0,0,0,0,0,0
b8affdee909004e05802b957c7d6e61c,1,0,0,1,0,1,1,4
2c251997e95187c5f5471f125eda79a2,5,0,5,5,5,5,5,5
39f36065811dabb953b5fa41f826f669,5,0,4,4,4,1,1,1
87d8ed5a94679182d79403a19e89e9ef,0,0,1,1,0,0,0,0
534fdc08ee52646076cca848c744eafc,0,0,0,0,0,0,0,0
0a8bc9de5acf2d4a667a4528803d1f09,1,2,0,0,0,0,0,0
b35fe0cb1edc0b16f24480fe83e8b987,3,0,3,3,3,1,1,1
2ce7388467758e8e5f310aba63f87ead,1,0,1,1,1,1,1,1
e7284b9a0670ea880bf52653846ff6a5,1,0,0,0,0,0,3,3
fb39e72460b6da6ea5e9c8efbee2c78c,1,0,1,1,1,1,1,1
66253c7fa7849f5a932348a44c21b903,4,0,1,1,1,1,1,1
159013703bc13afa6207bfcba78ec64a,1,0,1,1,1,1,1,1
b4714bdc3d893bc158efe750a60d6de6,0,0,0,0,0,0,0,0
ce6d24c6c8eba65c1c0329505c6f7eb6,0,0,0,0,0,0,0,0
479200a381febadfd767615fbe77c3ea,2,0,0,0,0,0,0,0
adc1461503a7cb916665eb37787c4c8b,0,1,1,0,1,1,1,3
b84c958d1f314cf598e6c522f6b24994,1,0,0,0,0,0,0,0
25ab6fdebec09bb2b98756d9068a4c09,0,0,1,5,1,5,5,5
04b66a150ef667f328aa378e1ee8d750,0,0,1,1,0,1,1,1
5826d28019321eb4a202a2733fb039ed,5,1,1,1,1,1,1,1
bb22714f2bff1aa310d8924efd28984f,1,2,0,0,0,0,0,0
c6fa52130011bd3d19b0222fce73ecad,3,0,1,1,1,3,3,4
4f050d873038964b8be2a72d0d67f465,0,0,0,0,0,0,0,0
1806b2c1ff66377269ffc9a26ffde9d7,5,0,0,0,0,0,1,1
9156dc269872b5c1f832a6a71cf0f8de,0,2,1,1,1,1,0,0
93cb817e07cba6f15d4dffcf8344316a,1,1,1,1,1,1,1,1
80e2221ab978a5978d1039977b335ca9,1,2,0,0,0,1,1,1
833399dabdc938cb8b0bc8321c8a0b47,2,1,0,0,0,0,0,0
6f59b0e5e3fb83824e6d994793cc00ed,5,2,1,0,1,0,0,0
82b8e31cf5bd59934af005c609d05e64,5,0,1,1,1,1,1,1
b162d746859235b3c48c02bdd503b8e1,1,1,0,0,0,1,1,1
a1d31796040eff1d8223f486caa01ab8,4,0,1,1,1,1,1,0
8eb0f13107ef73e6a6b0e6485cbdc99e,1,1,1,1,1,1,1,1
efa1f2dc428cd2c756703a46a6528159,0,0,3,3,0,1,1,1
b28f0f94ebc50f79d1b03cf0c0baa335,0,1,5,5,5,0,5,5
d5c40ec532586debe95b6ff9f2233f0f,5,0,1,1,1,1,1,1
06977be07ef2afb3ddfa7733f0c04917,0,1,5,5,5,5,5,5
dc5c8aee736af815a7952a7dc7bccfee,4,0,1,1,1,1,1,1
ee38373d970014e6676ebbc782be6b4b,0,1,0,0,0,0,0,0
f232dc705893be350eaf1afd474818aa,2,0,1,1,1,1,1,1
9e3e3e78c43a9efd53e894e069ebe753,1,0,0,0,0,0,0,0
d3b34f76b7192172d6ace4f167cb3924,1,2,0,0,0,0,0,0
122bad4033a205ea7a3963d2fd585e89,0,0,3,0,3,0,0,0
5cfbe62b74360ce891593fba8a876025,1,0,0,0,0,0,0,0
97110ca07f2d550b6c2c7578e30e0925,3,0,1,1,1,0,0,0
bd66532ff52dbf34da3607b05a1d8658,4,1,1,0,3,0,0,0
03717c12ffe242a347cdfd9d13e6cd76,1,0,1,1,1,1,1,1
87393dd2d0f7be44deb5c4df03fe84a6,0,0,1,1,1,1,1,1
a9b52672e84888c7a26fc2694106f86f,1,0,0,0,0,0,0,0
1f43e244b01c44b24a7086ed2dee7bff,5,0,3,0,3,0,0,0
a6b9b962c775ca68437a86bec79e6879,1,2,2,1,2,0,0,2
8a1deb06940aa081c0cd103659e57510,1,0,5,5,3,3,3,3
f84c0dc5ef76aecaa17012a85a7f0a4e,3,0,0,0,0,0,0,0
3406d5d8ae8ffd5e42386d8caf2d023f,1,1,1,1,1,1,1,1
54ceb058fa9693e181b997ccb6d51e2e,2,0,2,1,2,0,0,0
f232c70ab2ac94bd8efc9c6dde740013,0,1,0,0,0,0,1,1
6f763254ac599960c572c3ab0c0666d0,3,1,0,0,0,0,0,0
d7bd6d0c6842670b171b5592dcc1e9bd,0,1,0,0,0,0,0,0
04e31b936f51091d43cb805a30084533,4,0,0,0,0,0,0,0
ea676a3e54bdcabbb71961bae282e561,1,0,1,1,1,0,0,0
2afc7c9cd96699ecb7d88a8a6f387628,0,0,0,0,0,0,3,3
b3d92ec401c16ac2a042b6207bb9c2d1,1,0,1,1,1,1,1,1
3964a98b6e3c6471ea04c89c6ec24da3,2,2,1,1,1,1,0,0
5c2c7009ec9100ff2473a4d4d6c1029d,1,0,5,4,5,1,3,5
3eefb47612f9bce4c2acae49d23cad0a,0,0,1,1,1,1,1,1
3546206e8f2a9495e81fdd6af08a5a6b,1,1,1,1,1,0,0,0
d77156c36bb14ea111fd2bfa22d8c9bc,4,0,0,0,0,0,0,0
3b60ca0ed4e75480321776ba7aeba987,0,0,0,0,0,0,0,0
c14b6d70673f900385abbed2703501bb,1,0,1,1,1,1,0,0
431f5c9fb72ec0ec067c942a0ae01812,1,0,1,1,1,1,1,1
8b6bc283a0d345aaab935989639523eb,0,1,0,0,0,0,0,0
30ad3675c2b49fad2eb54c57bd76b791,0,1,1,1,1,1,1,1
e1da8ac88f6efc2df833f0a9d2a7dba1,1,0,0,0,0,0,0,0
40d6e4442b79b10865ca062d189c8913,1,1,0,0,0,0,0,0
73cd33025927b81dd36dda93a35b93db,5,0,5,5,5,2,2,2
ab3e9154e433b2ed1f7d75b12e5416fd,1,2,0,0,0,0,0,0
11edd2e754f196b7655508e0e3177fdf,4,1,0,0,0,0,0,0
102c1ec848392aabff3fb4df2aa3598b,1,0,3,0,3,0,0,0
7198a4a8aa40162461573004014923b2,1,0,1,1,1,1,1,1
ec31746a04ca87e961b4b9d4d6f6bd60,0,1,0,0,0,0,0,0
1453f0c51c9d2fe1a8ca6711d11b1608,0,0,1,1,1,1,1,1
b887c69ecbc724b367ec91bda0b3d34e,2,0,1,1,1,1,1,1
c681fa95a9361c347afb66028b70a1ea,1,2,1,1,1,1,1,1
80e4dd1d33d2559f42068e45284d527f,0,2,0,0,0,0,0,0
600a7b8ec7c5e6b21eb9b12b86eb1b4a,0,0,0,0,0,0,0,0
c52636abf2b202b4f65f5c85799ce363,1,0,1,1,1,1,1,1
7eb79f3619425b7b26f3acb5de6c3fda,2,0,5,5,5,5,5,5
c8f84d9ecff20af2842de863f6963dfa,0,1,5,5,5,0,0,0
19f82c826d1b9406c778eb66d2e5c5ad,1,0,0,0,0,0,0,0
12625a6ae522d7d2168049db06b4a86d,4,0,0,0,0,1,1,1
c7bd85a7a10ef6226a9873afaf00d3a2,5,0,4,0,4,0,1,5
0c52d7167d0b75dec868020c35f4873b,1,0,1,1,1,1,1,0
7b3c5e07fd05616a34fa757f17029f99,0,0,0,1,1,1,1,1
d2fa7b7e8b5d7ac158a745839005336a,2,0,1,1,1,1,1,1
14ce3c173f87224952e91d6fbfeebeba,4,0,1,1,1,1,1,1
497813868ecc84bc315997f428262cd7,4,0,4,0,4,1,1,1
5037b3b05aec2c96a034ce9301a43326,3,1,5,5,5,0,5,5
cf330aa80b0a7c79250822622cef45da,1,0,5,5,5,5,3,3
a74fcdf2a5734aed98ab883bab52604a,0,2,1,1,1,1,1,0
3fd0880e1ae00b12e9b5c4022286e180,0,0,5,5,5,0,0,0
b35fb32a848595f93b1d4b0700b90478,5,1,0,0,0,0,0,0
553fa72290f35f2cb58beef577855ad8,3,0,3,3,3,5,5,5
f9a89f44ec2f2cd9f7be47a65be951d7,3,0,1,1,1,1,1,1
c560455590a29b83e0c615c911e0e5e5,0,0,1,1,1,1,1,1
aa68bce6e7fd266e9839f591296166b0,4,1,0,0,0,0,0,0
290c577d0c6de06fd2c82375427d9bd9,1,2,0,0,0,0,0,0
3eea18b89ad8caf07946476d89a7aa8a,1,1,0,0,0,1,1,1
91ab816a1696123b34d31e6b8fc00315,3,0,1,1,1,1,2,2
c8406145326f8bebae90c13caebc1c6f,3,0,4,1,4,1,1,1
af994df40907edf1c3aefb45df954add,0,1,0,0,0,0,0,0
acfc9ac341bef701316ff5a73cac6b0f,3,0,1,1,1,1,1,1
97b36902754bad28b6fd335ddfc6db55,2,0,0,0,0,1,2,2
a18dd083ecf438507441cb0d5fc3122e,0,2,0,0,0,0,0,0
52e38cf820ba3f92ca415cb2a2672ea0,5,0,5,5,5,5,5,5
5cfcd6a8451b2ed8355ac4800c80f7c7,4,0,0,0,0,0,0,0
2478b7db4a1d7d9013536df40b338f3c,1,2,0,0,0,0,0,0
9f32709697b0f56cfb6e82bb9ccf83d7,3,1,1,1,1,1,1,1
e8112c562edb4b184ba3c05b3708cb95,2,1,0,0,0,0,0,0
91e3ceffadae98811ca5bb20593359ab,0,1,1,1,1,1,1,1
53d99b6d0957c93029223458e5e9e5bc,1,1,1,1,1,1,1,1
ff97fa212a451432b685bdad1c3c89df,2,0,1,0,1,0,0,0
96e3a3cfac2bdbcf4b6dd1745f818131,4,1,1,1,1,1,1,1
5ad5cca8bc4c96585d42a6f8369be1e7,3,0,5,5,5,2,5,5
0bd231c85b2695e2cf021299e67a6afc,5,1,5,5,5,5,5,5
71680defe4772070e47b0b407ddccce7,1,1,0,0,0,0,2,4
2f4f8ac22786b2606a4e307d9cb116e0,5,0,1,1,0,1,1,1
d439005ae0aeb218bcc014e67c92aba0,3,0,4,0,4,0,1,1
ee3a23485cb29881a50f2ab3b51b25d4,2,1,1,1,1,1,1,1
e77e4cdce388cea5f1d08bdc4d136edb,5,0,1,1,1,3,4,4
c5f69f20e4c9bd6dae83222afba587e8,0,2,0,0,0,0,0,0
7790f122a65e43cbf84165a610eefcfd,2,0,2,1,2,1,1,1
a93eb7e0b8eda6a822f36448c946b9e3,1,0,1,1,1,1,1,1
1a2aac625091eebb572f8b74bb8d1ce2,2,0,0,0,0,0,0,0
5d471e95d7e9cbe886f2ecc902db5f0e,3,0,1,1,1,1,1,1
ab8ad31b80419f9f49c6b62f25d6fe59,4,0,2,1,2,1,1,3
6ffce409ca17fbd571fc8338fe01a7a5,1,0,0,0,0,0,0,1
62a0c25ab8bb28f97b9f2abfd05ef5a6,2,0,1,1,1,1,1,1
198fa06f052feedc1684e42829c137fc,1,0,1,1,1,1,1,2
117322874280c217ec357f6de7b5c77f,1,0,4,0,4,1,4,4
35d511cc9aa867856fadbe6ebf464d78,5,0,5,5,5,5,3,3
2ede85ae0f0e328331f28b2f9a09d29f,1,0,0,0,0,1,1,1
7537c295737f3a982a8859919c962c66,3,0,3,3,3,1,1,3
6f50ffdccefb38de120dfb796577fd5b,3,0,0,0,0,0,0,0
888def072ecd54df26237e65ede1be05,4,0,3,1,3,1,1,2
f2196dcfec3027846cdd304448f28fa5,5,0,3,3,3,5,2,2
f5440c7daa9981ec029c955999443de8,5,0,5,4,5,5,4,4
5fcce7dc17349db4badc8e94e41f45eb,0,0,0,0,0,0,0,0
58e94ef72ca17c465d4702f55e6c0751,5,0,1,1,1,1,1,2
5568eb519a51d50f5b2ac52321a6efdd,2,0,3,5,3,1,2,2
2f64fb8c55543d67a8831f1b1a7a89c2,4,0,4,5,4,5,5,5
273aca7c9745bca16dcfb07930f0fc52,2,0,5,5,5,4,4,2
0df6fef657c83392baa2bc0c89880615,0,1,0,0,0,0,0,0
401b94094eae879be1760beada10743f,1,0,1,1,1,1,1,1
a4119823dddda4b7cd9be59893173b0a,0,0,0,0,0,0,0,0
16daea5ca6d034bed70a0b972ffa8374,1,0,1,1,1,1,1,1
20340e3ee5bd16fdb06dabb63079c835,1,2,0,0,0,0,0,0
7e33e3ef6468638fc307b42f5b78e98e,0,1,0,0,0,0,0,0
0cf00319764b0a06dc1b0dbdfe877c45,0,0,1,1,1,1,1,1
be2a4f591ca984c0f621d49a0d4b281f,3,0,0,0,0,0,0,0
9c24ae764d87098d03faccc2e2a579d0,4,1,5,5,5,0,5,5
9aa7af9abe0bb29823762cb8aac52db7,5,0,1,1,1,1,1,1
57fd690ca9f2b48043a41817b1e43b19,4,0,1,1,1,1,1,1
0789100b2b992fa6f2f281a65fa06db1,1,2,1,1,1,1,1,1
845278e764b608d4efc7a420d2bb69e5,0,0,1,1,0,0,0,0
db0f36ba03d1c8fbec2cc96c3f8c0708,0,0,1,1,1,1,1,1
c0db35440abdadea53ddf0f68fc68431,1,1,1,1,1,1,1,1
8a50e044874fa8db8fa504e642d694d7,1,0,0,0,0,0,0,0
6f362845996a98fdde62e6399fe1d097,1,2,0,0,0,1,0,0
e13ad43ca93b81c3461ec29c1ca41106,3,0,4,0,4,0,0,4
1f80aa9a268b5ba64292bd4f7d88fe33,2,0,3,3,3,2,2,2
9809fc0befb899cfc165fb56479d0362,2,1,1,1,1,1,1,1
74340eaeb135c761155f1a7f198f17dc,5,0,3,0,3,0,1,1
604556b258623f461eeea2b9e46bbeff,0,0,0,0,0,1,1,1
3d05e312c2ec21ab6826e0e3c729bd60,1,0,1,1,1,1,1,1
3fbe2ab4f1952e0ffa467c88154b5b14,3,1,0,0,0,1,2,2
b6629fd3b3db7a394296fa51a657c3cb,0,0,0,0,0,0,0,0
bf1b395053b3d584ccee60148cef87b3,0,0,0,0,0,0,0,0
af1411aecef861c7f39555f2a8b0e0d3,3,0,0,0,1,1,1,0
ca0798453868081bc8aeeabb01847d4e,3,0,0,1,1,1,1,1
8d26d0a42e1e8cc6e77979f84c811ac3,4,0,1,1,1,1,0,0
a00165c9edd8f2806aa11afcd8cc2ba8,2,0,1,1,1,1,0,0
7acd16338dbb2d1fa02cd6f3b80436a3,2,0,0,0,0,0,0,4
f9c0aa4cd5ad8ff43fcd67fd626964b0,4,0,5,5,5,5,2,2
4daf2f3a2e1888094201c1fcb98fd7d6,0,0,0,0,0,0,0,0
1364c10e1e7f1ad0457f649a44d74888,5,1,1,4,3,1,5,5
62dc9e6f426847d6d58e12c30e35a35a,3,0,3,2,3,2,2,2
bd9f6b90049d6a63c66147e140bbc9eb,1,1,4,1,4,1,4,4
b1f6f5539ae4fdb9b931788dda704712,3,0,3,3,1,1,1,1
a260fec22534be7e93d7f456ada4f452,0,1,5,5,5,0,0,0
979f4dc560d37b8ed26dbc8064b85f18,5,0,3,3,3,1,1,1
3d3988b1b72273ee018b40c5acd51e43,5,0,0,0,0,0,0,0
1001232743e59b621733775979b08c76,3,0,1,5,4,1,1,1
8804dd9a9324daf031b2ad0c70387f01,5,0,0,0,0,0,0,0
a563935d922002ca4819f2490eb7be17,0,1,0,0,0,0,0,0
e02856c4928623247b30d6113fbe59fe,0,0,0,0,0,0,0,0
80fb0f7ade621da69c54fad193c70212,2,0,5,4,5,1,5,5
1e5b35728a6af734a4723f480bafafa9,5,1,0,0,0,0,0,0
3ecd13e82ee7dedd1ae1749a16cac7a1,3,0,4,4,4,1,1,1
842ec03f75b9933c49274bae3e7cc5fc,3,0,1,1,1,1,1,1
de86ead27d995c8f57c1d8f56b425358,0,0,1,1,0,1,1,1
ba8d55330e6d36ab991e3bf8e4e489b2,1,0,5,5,5,5,5,5
2a530e65e41c7d63d70cb4b4a994223c,2,0,1,0,1,0,0,0
fa495d47286cd08cbfef9a68c2ea5c66,3,0,0,0,0,0,0,0
8c2a787d5962f32f6a0356b298c6b9d8,1,0,0,0,0,0,0,0
78a5b3a0da3234789fac1ba1110ccc40,3,0,0,0,0,0,0,0
037e64a6aaddb326a8575de52771064a,5,0,5,5,5,2,2,2
0c77493e455bd2380f899c278052fb16,5,0,5,5,3,5,5,5
56cc8c2d96c1c1589e7d6e564f14c174,0,1,0,0,0,0,0,0
6be426efd18e180fd898190490340f66,1,2,0,0,0,0,0,0
57d82e5381a64e28e1daae58c9806ab5,3,0,5,5,3,3,3,3
a4400c5e31462e7d221bb1a06d2ba0de,1,0,1,1,1,1,1,1
21e4e2533162dc9eea4b2508b0d3df46,1,2,0,0,0,0,0,0
76c4369a05d0822a0f8280b70f7a179d,2,0,0,0,0,0,0,0
8d69850040ca70588cb37e7f0bc70390,0,0,0,0,0,0,1,1
b0dbeb3aff56ca3b5e279b11d01b7064,1,0,1,1,1,0,0,0
24e915870a8fcdc0277c197e2eb80934,3,2,0,0,0,0,0,0
d7efea6d37699c9a32b715c0062ed3b3,1,0,0,0,0,0,0,0
5e92f3c50fdcef3ece4646e985bbb2a4,4,0,1,1,1,1,4,4
36b63b6aac630b8b13f9097001c0bf5b,4,0,5,5,5,5,2,5
7d86f8993e77d4f99ed19b2965d5067d,2,0,2,1,2,1,2,2
9b688ada62f8dd3fb913afa90d5a3e07,0,1,0,0,0,0,0,0
e28b4d3bc97a2a495b2f491813036776,1,0,0,0,0,1,0,0
a16f4b2fd513d669c5b8dddc7bfa9fa6,0,0,1,1,1,2,2,2
e833077427f0f5cceaba7f6d92bb3904,0,1,0,0,0,0,0,0
82896ceb267497b41fe1d8271ecf0a6e,4,1,1,1,1,1,1,1
98ee892e5c8c6f3f01d3f1705f16401e,5,0,5,5,5,5,4,4
decb2702456870a7e201f456196b58b9,0,0,1,1,1,1,1,1
130019276ea41cbc9c01147481b1d6db,5,0,5,1,5,0,4,4
a00490d2957a82f8ee606fa0391666bc,0,0,1,1,1,1,0,0
c507324c055ea7ec7a235159dc97675e,5,0,5,5,5,1,1,1
41b5859aa0d162eb72387b3ee8a8903e,5,0,1,1,1,1,1,0
39b14d182b154dde40a68ef7e9486065,3,0,1,1,1,0,1,1
9b9b11aa65e492ece39e3fde93a89d82,0,0,0,0,0,0,0,0
24c0f0bf150365059c0e8a4e1fef058b,3,0,5,5,5,5,5,5
b6ca31583bd0acc777d60f88750c3db6,0,0,0,0,0,0,0,0
66e0c8fcc2e2130b1e5d0fe125c34b91,0,2,1,1,0,1,0,0
b502324488d82fb0e428d5bc4e0cd36b,4,0,0,0,0,0,0,0
02a2dcd6ad8bc1d9ad7fdc04ffb6dff3,5,0,3,3,3,1,1,1
b7932b71e15722e1908ad98af13d50fb,5,0,0,0,0,0,3,3
0eb6bb946906a834fb91bfd5fc0f720d,0,1,5,5,5,5,5,5
19cd8d1657528f7d4895398a6fd093ec,4,0,0,0,0,0,0,0
e45b0f108cd8bf28681860aec3120cbd,1,0,1,1,1,0,0,0
f6fcdf840d82229dee867cc75a7dd721,3,0,1,1,5,0,0,0
f613220060db299095fda77dbc2c3d06,1,0,1,1,1,1,4,4
02805e3e20ef629ffeeee1e68cf24ab0,4,0,5,5,5,2,2,2
d13dd7a0555436d55b7b82a988b57f41,1,0,0,0,0,0,0,0
b3f67c6246aa75e880059d457528c423,0,0,1,1,1,1,1,1
571ff890388328af4b5cc76183ce8189,5,0,0,0,0,0,0,0
986d2e993e13ef22c77e011feead1079,5,1,5,5,5,5,5,5
a81c58ea428c6c69d39e3555c2ace373,3,0,0,0,0,0,0,0
4f8c97e95011e0949b32fb9f3118177a,0,0,3,5,3,0,0,0
c44346e3cf95312b241df6bb578ed119,1,0,4,4,1,5,5,5
a2d2d3edfd1258bca33aeea4d9cc8d0c,0,0,0,0,0,0,0,0
736de3568ffafdb50cc9f53c0fc31032,5,0,0,0,0,0,0,0
a65bd71b4d413c0d11b8e39e792c11ea,5,1,5,5,5,0,0,0
17e7aba72b4614e4c562c346e3ca2e28,0,0,0,0,0,0,0,0
2fb68d6713a52e322692dbc99ac82444,3,0,3,1,3,1,1,3
56c263aad2786ca2d7247e1b57e32705,1,1,0,0,0,0,0,0
51d0d7b3a0f1769117ed6e3d64445f33,1,0,1,1,1,1,1,1
f83af16db53783f37f6614cf3bc3e5af,5,0,5,5,5,5,5,5
025a65c53cd655151b9ff1b9518aa27e,0,1,0,0,0,0,0,0
9d80974f9e453383a53d81a9d5763691,1,0,5,5,4,3,1,1
91b65eeea73dd7309880c990458e97ca,0,0,0,0,0,0,0,0
9ba74a2d19c4149c47a7c6661fb7eb5f,5,0,4,1,4,1,0,0
2aa5b4c0381297847a846c197a4208b3,3,0,0,0,0,0,0,0
55dc99e7642722de975684d45c090d30,0,0,1,1,1,1,1,1
bcf43804161434489304f374a5a684bf,1,0,0,0,0,0,0,0
a10eb69fb260132fde150bd76bd7b15c,0,0,1,1,2,0,1,1
d50d41a3432c35eb80111ef06c2845ef,5,0,1,1,1,2,2,2
2e24b2e477e5650b425ae9d58eff5654,5,0,3,4,3,5,3,3
8605810b8ba16fa6e2854dedad10d573,5,0,5,5,5,5,5,5
b8b2b97c2b6b1cb436a57dcefca7f78e,0,1,0,0,0,0,0,0
75e0312b501f37b88a274858cb8e7275,2,0,2,0,2,1,4,4
9ebd35f647f01e62772ebc4fa30d8a99,1,1,1,0,1,1,1,1
2bb71a08eb8c45dc81ff474387144987,0,1,0,0,0,0,0,0
589ce42577588f51fa6d8de876b55dbc,1,2,0,0,0,0,0,0
1866ab99cc028bbb8ed656f1181215f1,3,0,4,1,4,1,1,1
b2e452fe7fc20523a2a54b2d2db5c9ab,1,0,4,1,4,1,1,1
05e06bff98cf601bbee320f6547cf9ab,0,0,0,0,0,0,0,0
b41b3c6ef6d6f620708f59026be02f94,2,1,1,1,1,1,0,0
d8530375294e4c94c9c2aa2c7f79c13c,3,0,5,5,5,5,5,5
7a11953f0c2c18ee2bec9c6fd5f4e561,5,0,1,1,4,4,4,4
30dbd061bed3964c478e64269bb5870e,5,0,5,5,5,5,5,5
e0e1f1ac8a06766ad589c311f2c34fca,4,0,1,1,1,1,1,1
a10e936390d9d140fd8249c9098f024c,2,0,1,1,1,0,0,0
8d591bbdb85060fdda5c3c85f29ed9aa,1,0,2,3,2,1,2,3
4d729d269ecb5ccfde006fc7ad498280,5,0,0,0,0,0,3,3
26c37ce739ad72a09f22bfa4ded46db7,0,0,0,0,0,0,0,0
2de0597cbb7af462bfdb7b1c4f935248,2,0,1,1,1,1,2,2
6ccced7f24b2fa0a84639d192f3a9679,0,1,0,0,0,0,0,0
3605ec5ecd6cd8f36a046746b1888cad,1,0,1,1,2,1,2,2
673fea26c4fa022353f635b89d6fd4b2,3,1,1,0,1,0,0,0
ba425e2a625a06fc0bf3964100264a14,0,1,1,1,1,0,0,0
96e6ff0b83b4aa096f0042d3a8abd4c5,5,0,5,1,5,0,4,4
392ed359fef6a1a65f667f2207337aff,2,0,1,1,0,0,0,1
f96db577fb4251fe7952c30bc5be09e2,1,0,0,0,0,0,0,0
33e5c5adbc6e45de43d219d96f244f3b,1,0,1,1,1,1,1,1
808b08eee6fcba85c15f66c78d2ad293,0,1,0,0,0,0,0,0
61dc08bdb56ba45b21c97e583d2869a8,2,1,0,0,0,0,0,0
00e6511435645e50673991768a713c66,1,0,5,5,5,5,5,1
5ae7134c28c47387bd8c5aa8d044a682,1,2,0,0,0,0,0,0
0403dcc49b1420545299f692f7d8e270,5,0,5,5,5,1,5,5
5a258172c6d220c464e500a1fb880b20,1,0,1,1,1,1,1,1
346cf9a23c4ddd3c86ac4d732424d9b8,0,0,0,0,0,0,0,0
6083bbc60139542acc27071133a7922d,0,0,0,0,0,0,0,0
bd1a900e27cf317aa19176446e05df47,4,0,5,5,5,5,5,5
b0602c9c2ffe204f7c0ab9b3386dd35d,3,1,0,0,0,0,1,1
ad7215256adde5b4a70de73d561adbb8,4,0,5,5,5,5,3,3
a798f33537433d71e8e219b26a2c7ec2,1,0,1,1,1,1,1,1
b22d5b8aa66214eed40ec49516bcf442,2,0,4,5,4,3,4,3
aa3031e524c3e7ccf13c78910a26bbc5,1,0,1,1,1,1,1,1
8e3e843a0eebb79b5ed06f97c078eb87,2,1,0,0,0,0,0,0
8db1e961d6b41521345f1f36811859f1,1,1,0,0,0,0,0,0
eab8adbbf4def0220b48bfdc525aa866,1,0,0,0,0,0,0,0
4c7f11ab0f24d609ad5f655ee383a1fe,4,0,1,1,1,1,1,1
bfc4d35887c4df323cfbe761d1f33c7c,1,0,1,1,1,1,1,1
29d80dc50d0b6ba0c43087089514c688,0,1,0,0,0,0,0,0
5338e73d016150c190a2c4671919b4ba,2,0,5,5,5,5,5,5
a87ae06869fe9beb4ce6e82bf5a5794c,2,1,1,1,1,1,1,1
a295b26b9db32ad2795fcdeef1d853db,1,0,0,0,0,0,4,4
48173ebea068ee1f93d8fce98dce8e00,3,0,1,1,1,0,0,0
fda6868aea710b2e286d1b575638050f,3,0,5,5,5,1,2,2
f3c73a8d70f8d5f7d40c79720124e71d,2,0,1,5,1,1,4,4
e28dfb951ca320cd36ea960b232c00f4,1,0,0,0,0,0,0,0
ef5dbd7a78bc04a0a5d236739ce11f20,5,0,1,1,1,1,1,1
93de4c63c4fc4f7af571407a4c8d7040,0,1,0,0,0,0,0,0
79b3f2787261e5c96b3c9bf9a33c7537,3,0,1,1,1,3,3,3
57d5a6b61ecf835c28863f3e6e2e4fd0,0,1,0,0,0,0,0,0
603ae4e9d3655f21702d565d880f626c,3,1,5,0,5,0,4,5
8d023fab6d98cb21342681e0dda180d0,3,0,1,1,1,1,1,1
a9b5352dfb32a821700f5d6876baa479,0,0,1,1,1,1,1,1
f526a2ca5612d5913984a67edabaf991,0,0,0,0,0,0,0,0
ba8bc951801ef17040b62f984c291d70,1,1,1,0,1,1,0,0
b6808a211b62298e06b0ac7f30f29882,1,0,0,1,0,1,1,1
fa16fc55c79c225fce0b3b8c333b8480,1,1,1,1,1,1,1,1
91ddec6cba7af9cfefc2ba5317d5f87b,4,0,1,1,1,1,1,1
5220a2cb778f8567ebf7f81ab2b103ff,5,0,2,1,3,1,1,1
896ffc56e018a333454c4889a28459a2,2,0,4,1,5,1,4,4
1d432fcf31474114a1f5f12268b9a1ab,0,1,5,5,0,0,5,5
6518dd103748ee00e9bdb448f585bdef,1,0,1,1,1,1,0,0
44439e60b5aed8d4d933254a6248de50,4,0,1,1,1,1,1,1
8022e1100531e89ce625f6556730c162,4,0,1,1,1,1,1,4
852768d64622d6bb9e0d2c3ef45660f5,0,2,0,0,0,0,0,0
c0fe8ca3041bec9fb48e60537e3ab02f,3,0,1,1,1,4,4,4
27489a7f1972687cccb1258116ff7f10,0,0,1,1,1,1,1,1
4faa91189634933ba26fcb01a8804d33,1,0,1,1,1,1,1,1
fda48abd925720a9a9555ddaccdd622d,1,0,1,1,1,1,1,1
10bf7780fc6540d6f79eae2aa2e5d4b9,2,0,1,1,1,1,1,1
bedeb6cf82f3257a34cfdad3dba80413,5,0,0,0,0,0,0,0
04ecd322ee23c5be7654baad4d9fbc71,2,0,1,1,1,1,1,1
775d39466b474d54ae714215034c5a83,3,0,1,1,1,1,1,1
0bd0a172d1f92a1c8bb43585affe0648,2,1,1,1,1,1,1,1
cfbabe8f3c5c7978dc95f905d16914a9,1,0,1,1,1,1,1,1
61b70ccd7da821f89bae917b204242a5,4,1,0,0,0,0,0,0
f157ea3c41b34368266d9f802814292a,2,2,1,1,2,1,2,2
44350cd9c0b41005308e65c2d9ee8ac1,0,0,0,0,0,0,0,0
b405bee054a43274351de90a08d9ea77,0,0,0,0,0,1,1,1
8ad2547b9347d850bda6e43eaa3a0026,0,2,0,0,0,0,0,0
b600f26e7bc2daf1917e4078496d37ac,2,0,3,1,3,1,1,1
5d00686aeee37bfef71ad623ab4abaa5,0,1,5,5,5,0,0,0
507bb5873324858d94e7ea6bd043fa66,2,0,0,0,0,0,0,0
86d82664f0e63cf73f03404507a6e3aa,5,0,5,5,5,5,5,5
995d89d079e8b1e4e06217d3f7fd6d9e,1,1,1,1,1,1,1,1
dcc20ce75933d9800e4ad6ab2943e359,5,0,0,0,3,0,3,3
760f8945b00dc239d46a48bc34909eb6,4,0,5,5,5,0,5,5
e0c2ac1e8919079234c7d0b9df13adff,2,1,0,0,0,0,5,5
e0c460ff20fa20d6297079caea47b7f3,2,0,1,1,1,1,1,1
db9ab40f85a838fb688892d9080a3560,0,0,4,4,4,1,1,1
fb4fc6ed5524cdb6492d80bcc0a8f6e4,1,0,1,1,1,1,0,0
00412139e6b04d1e1cee8421f38f6e90,0,0,0,0,0,0,0,0
501d3573cecce3ad9086a63df9794ebb,1,1,0,0,1,0,0,0
b34bb028fb67f7de0aa9c270d7da56f2,0,0,0,0,0,0,0,0
7ec4b5a5d165debf9e06aba787d1ab7a,3,1,0,0,0,0,0,0
cb447241302fbb5026b7cd6837232331,3,2,2,0,2,0,0,0
825c6002ff3ab0e041ebd7025ba41b4f,0,0,5,5,4,1,4,4
e0dbde719b3f28fa7ef3e429b44c6d41,4,0,5,5,5,3,3,3
f21b4874e7bf5b2061800096e9a080d7,2,0,5,5,4,4,4,4
5b4d05a2a6b70bbb2ee716979a7fb120,0,0,1,1,0,0,0,0
192863a82b5a954ba0fa56b910574e1a,1,0,1,1,1,0,0,0
c44a5ab52208c849f13befab056c7559,5,1,4,0,3,0,1,4
671932297b6d1cdd3155c01250f62d5c,0,1,1,1,1,1,1,1
d61cca1e607df1b865e3975a5b2d74da,0,1,1,1,1,1,1,1
9fb37ce7f60b8395a47599f2b2def47e,1,2,0,0,0,0,0,0
a05ded7fe107cfdfcfc8f644fb2d7313,0,0,0,0,0,0,5,5
952354b1360e43574f629bc9fd33279f,0,1,0,0,0,0,0,0
28df755fd0a605c432d3342214f8cd65,1,0,1,1,1,1,1,1
31ad7f884a90445e3031e60e00c4146a,1,0,1,1,2,2,2,2
ea72eb500f523697eee190bcedc8f0dd,3,0,5,5,5,5,5,5
b81f068ea8c90ec259cf9212bbc24c22,3,0,0,0,0,0,0,0
d8269110acd7e97bed6f5423656b4eb7,0,2,0,0,0,0,0,0
2f3e4e71d38f7f20aad08dd262b9ca63,0,0,0,0,0,0,0,0
96aac9c3672cadf72e9e60d634bb145a,5,0,5,5,5,2,2,2
04201ee15d33abe4b032317792cf1040,0,2,0,0,0,0,0,0
9f8ffcb10930f5dd48949eceb79a869f,5,1,0,0,0,0,0,0
eb065a93e3ff8ecaa0acca4126c4c154,1,2,1,1,1,1,1,1
9841424d99b28242ac069a04eccf5155,0,0,0,0,0,0,0,0
9921310eb85fdef96f5ec4b5bea102c5,2,1,5,0,4,0,1,1
28acde305cf3cfec908b01a2514758a1,0,0,0,0,0,0,0,0
351a7cf22baaa7916631910a15f148bc,0,0,0,0,0,0,0,1
60a69fdcc33d3b859dfc2a1cc081254f,4,0,1,1,1,1,1,1
5c1b69f90894b89741cc22d135dd14c7,1,0,0,1,0,1,1,1
85023ba8cc7feea2e418d107c5bb8e92,0,0,1,1,1,1,1,1
d536c08dee5e770c64145b41e9c387b3,3,0,1,1,1,1,1,1
b2de71e7e1619aa395f55e9859849f2f,1,0,5,5,5,1,1,1
87b4ae0ff357c21aa62e84d63fdf9977,0,0,1,1,1,0,0,0
b61a1c350af793cba5f2e936ed314627,1,0,1,1,1,1,1,1
4eb223e44d06eb8d9019a78c2e60969b,5,0,0,0,0,0,0,0
a7eceb34129047ee2d36352e12e12fbc,4,0,0,0,3,0,0,0
168105faabc838069792b436feb6416e,2,0,1,1,1,1,1,1
846ffdd927cf1a58e0c5a2507e83d85f,2,0,0,0,0,0,0,0
72e6fcfe23c7eec6a0474b9d86c2f506,5,0,5,5,5,0,5,5
a5b9d82b7e211bf9e5d65ee738236366,3,0,0,0,5,0,0,0
ec357f56de67acf8abceb244a2cdf49b,5,0,5,5,5,1,3,3
eb9d4025d77205c0dda3d5f7431ce1b8,4,0,0,0,4,0,0,5
514f894a5d88a2f7b8a36109c0caa4e2,2,1,0,0,0,0,0,0
4ba91dfdc9e3dadbf2a947592ec3ac0c,5,0,5,5,5,5,5,5
002a4db09dad406c85505a00fb6f6144,0,0,1,1,1,1,1,1
f18cbfc916ac8e35595c53c801784470,1,0,5,5,5,5,4,4
b2545fbd121c537ccb04c90cef91631c,2,0,4,1,4,1,1,1
02f35b793b4fe3032ad6d91f181e391c,5,0,4,0,4,0,1,1
e83b38f721f767604aa2bea3cdc633de,0,2,0,0,0,0,0,0
b3bd3ff9e2f3a2d68aa60f937787726c,0,1,0,0,0,0,0,0
c7b6d326275eb46a2ec8b2e29439a99c,2,1,1,1,1,1,1,1
944145f2933819f15c2c06746e839e97,5,0,0,0,0,0,0,0
778bd33e4eb7fbc28402051743b78aa2,5,0,5,5,5,5,5,5
01b3d1fe5b0bd538d1e9824fe7d2d24d,2,0,0,0,1,1,0,0
61f1b8c3e654e552dfa57b1c5a767666,4,0,1,1,1,1,1,1
4fce030094773bdf132fd81c5febce40,3,0,3,3,3,2,2,2
d649e2e797bbcf9678e13cdb008ace71,1,1,0,1,0,1,1,1
34c3b4aca1bfb10df42aff5eb5f87281,3,0,4,1,4,1,4,5
a8b8f6be7310d77eb7e785e2f341a137,1,0,5,5,1,1,1,5
675b2df2b587c591750c51ba2db29a8c,0,0,1,1,1,1,1,1
6b6e1ffee1c8a8182f3258ab8c846fa9,3,0,1,1,1,1,1,1
490bf9ff9c5e70a4562bc6b1ba33ad63,0,1,0,0,0,0,0,0
e59296cf7a004822a4cce233bcb221b3,2,0,3,3,5,1,1,1
14be84455c24ef064605eccd0c80ff48,1,1,1,1,1,1,1,1
c7b8b5d4f033d38b29c52d363b0bc7dc,4,0,0,1,1,1,1,1
90169c13e631f83d6c2d9263be03aca3,1,0,0,0,0,0,0,0
d4008e9be9d30da69c1d6b622c0b5859,4,0,5,5,5,5,5,5
e6463d94a7f03e713daef4287faef5a4,5,0,1,1,1,1,1,1
6c2b1416fd7b6b544c7c60f9b8d2548c,1,0,0,0,0,0,0,0
7ea51e31d596215a29b15b7c2127365b,1,1,0,0,0,0,0,0
5ffcf2372542336fe4ee3585bd07b6f2,3,0,5,5,5,2,2,2
71648d6b0b10a8c08da9934785608b51,0,1,1,1,1,0,0,1
527af9b6db70b874fd633ce7d56076e3,0,0,1,1,1,1,3,3
602dcec72143bd0f1eabfad244f081dd,3,1,4,0,4,0,0,0
6d569809f11e6e53918dfb1609fb0d83,5,0,1,1,1,1,1,5
3b0db85aa28349cd4caf4c53531f28b9,2,1,0,0,0,0,0,0
4e8d7f8d403847cc6c2f08d80f4ba223,3,0,5,5,5,3,3,3
bf8c6536be863b2e21d467ade2972889,3,0,3,3,4,2,2,2
5892b3113aa9e0decd5dc15c74c7b1a4,0,1,0,0,0,0,0,0
b68551866ec91a3417b5c51a82f807bb,5,0,5,5,5,5,5,5
b90fb52788bc4fc6be21377c096008c3,4,0,0,0,0,0,0,0
bfc0f3be45e3eff66989c2553cf39436,3,0,1,1,4,1,2,2
a1623edb50042b97567bc9662436c264,3,0,1,1,1,1,0,0
dfece00ee9036e6ed9c7ea770987e1a1,0,0,1,1,1,1,1,1
d9b54eebe6d08be027aa415a986b19f4,0,0,0,0,0,0,0,0
f187290ba0d588d11f47467ec93ce202,5,0,2,1,2,0,1,1
c4fd2900adfd82ce1a09f280fb00710e,1,0,1,1,1,1,1,1
d1a0ac3ec79fb3fcafe4731c4c06845e,5,0,1,1,1,1,1,1
ae6f1a04d5c4fc301a8084cb2c888166,3,0,1,1,0,0,0,0
89f8bfd1bbefd9ed29720eee5713b2c9,5,0,5,5,5,5,5,5
976cdb4e80ba727b2615966a604f541b,0,2,0,0,0,0,1,1
773997a45c3f0aa4f7483f3972e4b53f,4,0,0,0,0,0,0,1
4b7e051415b19b60bff4ee689eefdc7b,5,0,1,1,1,1,1,1
f6224279854d1b5e5b41e7cd3182caef,4,0,1,1,1,4,4,4
8a510d59fecf6f0f07ae5d6b5b83190a,2,0,1,1,1,0,0,0
1a1208999bac2b32bec7241bd5cec16f,0,1,1,1,1,0,0,0
9e58c05c9e897384e5984a01d95ef6f0,3,1,1,1,1,1,1,1
567fdb50cb0f006c8cf5991b09f30c35,0,2,0,0,0,0,0,0
591da133fabcfdfa629d09729d356cda,1,0,1,1,1,1,2,2
aabf04e96b9413a43527cd933de53a31,4,0,4,1,4,5,5,5
6d0b36e4884c8cf6458c7f69daaf6e08,4,0,1,1,1,1,1,1
7661a735826854e0f106a93768439452,2,1,0,0,0,0,0,0
342cf992c6259c1e9dd731d27a4573cc,4,1,1,1,1,1,0,1
7d63d7ef507d747a87b3b15814a60185,0,0,0,0,0,0,1,1
513540cba1445676334e1a17a3d95ff0,0,0,1,1,1,1,1,1
ab106ca32e9155aa7e68eabef8e2ed59,0,0,5,5,5,0,1,2
4db9a5906b55661f277770dee7a4e3c8,3,0,1,1,1,0,1,1
834654070eb44fb589d68557f0f48587,0,1,0,0,0,0,0,0
bc7b4618df125b73c9bc485981b3d210,0,1,1,1,1,1,1,1
746b95b3a32975082d0ad357527ad701,4,1,0,0,0,0,0,0
fd4fbeeff2ad449dc7c8e6194a4f8403,0,0,0,0,0,0,0,0
98041afa0df28be692b262a9b933fdb4,1,0,1,1,1,1,1,1
7a4a98bfcac87d4496e2b182a4b1a293,1,0,0,0,0,0,0,0
89fdb14bb802adbc860aa258fa4f27cf,1,0,1,1,1,1,4,4
9647d18e0b7bdf8eb59982acc6fd3727,5,0,1,1,1,1,1,1
0b0b9e3cb8d9172d8fdf21d096ff93ba,1,0,0,0,0,0,0,1
5af696841a9c6453f9f667bdab0621e5,4,1,3,0,3,0,3,3
294c41defe507592692b93bb10c33123,1,1,0,0,0,0,0,0
282661ce17b00e09fff141cc827d6849,3,0,5,1,5,5,5,5
8179b356509349b2d8ecae80e6a4a826,1,1,1,1,1,1,2,2
69bf739361bfca3db482e3ce7249fa55,0,1,0,0,0,0,0,0
3046035f348012fdba6f7c53c4faa16e,2,1,1,0,1,0,0,0
d6a278e15348ef7d083adf43578dfdbd,4,0,0,5,0,0,5,5
ca860e2af22d154686490a8bd4bbe635,1,0,1,1,1,1,1,1
d50739fb64a3c3678a6788c43c0784a4,0,0,0,0,0,0,0,0
35e9245ad46540a9485b220e4fd16ea4,0,1,0,0,0,0,0,0
0c9932a7962d6d5a4765b2c9850e9c56,2,0,1,1,1,1,1,1
2d4e339401d42b194cf2eef7cdfc26ec,0,0,0,0,0,0,0,0
fa6a2270986c61fcb0a34e9dd91a910c,1,0,0,0,0,0,0,0
5911dece5388c4291ffe22e700bed829,4,0,1,1,1,1,1,1
37aba3bbad701308106b141471c063f0,0,0,1,1,3,1,1,0
89d6d529bd9f478c421a03df16c7f462,3,0,4,4,5,5,5,5
6e9f8456612b8c7ee6c4a5027539bf80,3,1,0,0,0,0,1,1
309a240cec8d3f98a615f8cfba3f7624,2,1,1,1,1,1,1,1
f1f9aea9e0bb9845704f9871346811aa,0,1,0,0,1,1,0,0
60c90d72afb6a820a0a539bc97a144fb,1,1,0,0,0,0,0,0
83c2217eb9a431a577a83b606d5d24bf,1,0,1,1,1,1,1,1
9872b4046512bedead9dc84501aed242,0,0,0,0,0,0,0,0
57d9e8952e401a8f68a4a6ac950c3f00,1,0,1,1,1,1,1,1
3f0c4e9f8fb3b846e49bb1ca2b3021ef,2,0,4,0,4,0,1,1
bf5c95be359c44a28f03fcf7c7ffc2c8,4,2,1,1,1,1,1,0
85d99c61b0182b04d4c420e95c2cc48d,2,0,1,1,0,1,1,1
409e74b9a87ea9dda44a304a89eb4ef9,1,0,1,1,1,1,1,1
bb1013d0290e48b37be98f2a834131e8,0,0,1,1,1,1,1,4
25398ca8d2082be7640ece66fc126d6c,2,0,1,1,1,1,1,3
f067f6f95a07384e9a0b2b213528e54a,4,0,1,1,0,1,1,1
dc7825252bd5c07e9a31c0651c989c77,0,1,5,0,5,0,0,0
7a0080b771eff77b47ce512773a026dc,2,0,1,1,1,1,1,1
5dcd43e6710799fbb64f0c250a13d0ff,3,1,4,1,4,1,1,1
86e9f3d79f01fef41988dd51ca75adbb,1,0,1,1,1,4,4,4
fe01b010f147bf3af7740f2f52b45da9,5,0,0,0,0,1,1,1
f66a4dd851970a5b52968a34a9165dda,4,0,5,5,2,4,4,4
15b9c9c16952a563a85bc7a9c91e323f,2,1,0,0,0,0,0,0
349b1b6fa6ffc5625b8eedabf03d5948,0,0,0,0,0,0,0,0
d1e98dd82b39587a6ad1f1351fd8269e,1,0,0,0,0,0,0,0
a8d547b83d523669de401e539503ab03,4,0,4,0,4,0,0,0
e10ebd20ef424d61222ccc5e97dcc76b,4,1,0,0,1,1,1,1
4d2705aa958196b3234613240e395751,1,1,0,0,0,1,1,1
0cbfd6b7a0e0e936db19b032096621ad,4,0,4,4,4,5,4,4
be9a4ad52349a7a82f4e8ac2154e93df,3,1,1,1,1,1,1,1
45536830c0c451c9397571656c5f36ce,2,0,5,5,5,5,1,1
f659913017aab32c0ac0d88d0ecfe62c,1,0,1,1,1,1,1,1
c733a6afb1e66a15e73d5e66be3a1c10,1,0,1,1,1,1,1,1
f17470445cda06cb72f8c016bfcd4e79,4,0,1,1,1,1,1,1
9dc28ee23b2f728632e3ac9c1421e23b,0,0,0,0,0,0,0,0
ba79259f809a3397afb951e3f604bd90,3,0,4,1,4,1,2,2
6740dbd4b12921e8aef0381c3bc2eb75,0,1,0,0,0,1,1,1
1392751dc2ff4e148c89fe975c5a505b,0,1,0,0,0,0,0,0
c129618431d0a7f63cf0c8e6c6da82c4,4,0,3,3,3,5,5,5
e69f5703fc72f2b99a2cd8eef05a11e8,2,1,1,1,3,1,1,1
b245cf055b22a9d837cc4f5c97b63a8c,5,0,0,0,4,1,1,1
0bfcecec15bb9bef0c8e59e2776ee3c7,1,1,0,0,0,0,0,0
4b38723b387a432075f7cb3544172900,0,1,0,0,0,0,0,0
926b6d653f692d2221544f859d5418f7,5,0,5,5,5,0,5,5
8cbc1d87857d1bc3eac98e09b7e10a3d,3,0,1,1,5,5,5,5
64d853ef2f8fd85e3a9b09d3791780e7,0,1,0,0,0,0,0,0
26f8ef8adb88779ee2e40da2466bbf02,1,0,1,1,1,0,0,0
060656fabe162dbdef7e4c520068d2f0,2,0,0,0,2,0,0,0
e6a72561e752cce36b942ec74f168701,5,0,5,5,5,5,5,5
faddad3fc69d1d260189385b8139f91d,1,0,0,0,0,0,0,1
edb56bb632e35b3d4f256d22c799cd93,1,0,1,4,1,5,5,3
4d891865079692c7dafac84d6e422bc1,5,1,0,0,0,0,0,0
bbbe47a9dda0f30ae9d6457531b84ffa,4,0,3,0,3,1,1,1
1ea8f362be901720ee28cce312a7d509,0,1,0,0,0,0,0,0
a5e22243152d5cc871983364ae7b6e95,0,2,0,0,0,0,0,0
cd9b8f5118bb6e5bf92edb4a5aed4455,4,0,5,5,5,1,2,4
9b8a5982b7e917e82a0b0ae84b922a55,1,0,1,1,1,0,0,0
4fc9b7a068848becc2f8cbf978bb393c,0,0,0,0,1,0,1,1
c23bbf3044bfdb3cb04b6e00920ba1ee,1,0,0,1,0,0,1,1
c7664405d98a76f0b30a1c18b6ae270b,0,0,0,0,0,0,0,0
